,date,close_val,change_val,open_val,high_val,low_val,acc_quant,change_rate
0,2015-12-28,641000.0,-6000.0,647000.0,650000.0,638000.0,47511.0,-0.93603744149766
1,2015-12-29,642000.0,1000.0,649000.0,649000.0,631000.0,50648.0,0.1557632398753894
2,2015-12-30,658000.0,16000.0,642000.0,668000.0,639000.0,64215.0,2.43161094224924
3,2016-01-04,632000.0,-26000.0,650000.0,658000.0,632000.0,93272.0,-4.113924050632911
4,2016-01-05,637000.0,5000.0,633000.0,642000.0,631000.0,69456.0,0.7849293563579277
5,2016-01-06,623000.0,-14000.0,645000.0,645000.0,622000.0,95682.0,-2.247191011235955
6,2016-01-07,652000.0,29000.0,626000.0,660000.0,626000.0,125253.0,4.447852760736196
7,2016-01-08,652000.0,0.0,652000.0,659000.0,642000.0,63922.0,0.0
8,2016-01-11,628000.0,-24000.0,645000.0,651000.0,626000.0,88620.0,-3.821656050955414
9,2016-01-12,650000.0,22000.0,636000.0,654000.0,632000.0,78010.0,3.3846153846153846
10,2016-01-13,649000.0,-1000.0,656000.0,657000.0,643000.0,92220.0,-0.15408320493066258
11,2016-01-14,651000.0,2000.0,642000.0,659000.0,640000.0,85824.0,0.30721966205837176
12,2016-01-15,670000.0,19000.0,662000.0,673000.0,658000.0,128415.0,2.8358208955223883
13,2016-01-18,687000.0,17000.0,663000.0,687000.0,663000.0,140601.0,2.4745269286754
14,2016-01-19,670000.0,-17000.0,683000.0,684000.0,664000.0,144586.0,-2.5373134328358207
15,2016-01-20,664000.0,-6000.0,670000.0,673000.0,651000.0,95351.0,-0.9036144578313252
16,2016-01-21,639000.0,-25000.0,656000.0,657000.0,631000.0,135186.0,-3.912363067292645
17,2016-01-22,668000.0,29000.0,650000.0,668000.0,640000.0,91200.0,4.341317365269461
18,2016-01-25,673000.0,5000.0,668000.0,677000.0,657000.0,61255.0,0.7429420505200593
19,2016-01-26,680000.0,7000.0,675000.0,681000.0,671000.0,56078.0,1.0294117647058822
20,2016-01-27,674000.0,-6000.0,687000.0,687000.0,666000.0,66471.0,-0.8902077151335311
21,2016-01-28,631000.0,-43000.0,642000.0,650000.0,621000.0,277566.0,-6.814580031695722
22,2016-01-29,628000.0,-3000.0,627000.0,631000.0,605000.0,269400.0,-0.47770700636942676
23,2016-02-01,613000.0,-15000.0,622000.0,629000.0,608000.0,144528.0,-2.4469820554649266
24,2016-02-02,600000.0,-13000.0,611000.0,618000.0,592000.0,223453.0,-2.166666666666667
25,2016-02-03,601000.0,1000.0,593000.0,606000.0,593000.0,94740.0,0.16638935108153077
26,2016-02-04,602000.0,1000.0,606000.0,607000.0,594000.0,87070.0,0.16611295681063123
27,2016-02-05,599000.0,-3000.0,600000.0,605000.0,596000.0,55313.0,-0.5008347245409015
28,2016-02-11,563000.0,-36000.0,589000.0,589000.0,563000.0,184341.0,-6.394316163410302
29,2016-02-12,556000.0,-7000.0,555000.0,566000.0,544000.0,198082.0,-1.2589928057553956
30,2016-02-15,556000.0,0.0,561000.0,567000.0,548000.0,146518.0,0.0
31,2016-02-16,575000.0,19000.0,553000.0,580000.0,553000.0,123943.0,3.304347826086956
32,2016-02-17,575000.0,0.0,578000.0,587000.0,574000.0,158463.0,0.0
33,2016-02-18,582000.0,7000.0,578000.0,588000.0,576000.0,83228.0,1.202749140893471
34,2016-02-19,573000.0,-9000.0,579000.0,582000.0,568000.0,76728.0,-1.5706806282722512
35,2016-02-22,565000.0,-8000.0,575000.0,581000.0,565000.0,86272.0,-1.415929203539823
36,2016-02-23,584000.0,19000.0,569000.0,587000.0,568000.0,111857.0,3.2534246575342465
37,2016-02-24,580000.0,-4000.0,583000.0,584000.0,572000.0,71221.0,-0.6896551724137931
38,2016-02-25,582000.0,2000.0,581000.0,589000.0,578000.0,57095.0,0.3436426116838488
39,2016-02-26,580000.0,-2000.0,581000.0,586000.0,575000.0,45972.0,-0.3448275862068966
40,2016-02-29,572000.0,-8000.0,580000.0,585000.0,570000.0,78709.0,-1.3986013986013985
41,2016-03-02,609000.0,37000.0,584000.0,612000.0,581000.0,119099.0,6.075533661740558
42,2016-03-03,610000.0,1000.0,615000.0,615000.0,602000.0,74873.0,0.16393442622950818
43,2016-03-04,613000.0,3000.0,615000.0,621000.0,604000.0,66116.0,0.48939641109298526
44,2016-03-07,599000.0,-14000.0,615000.0,619000.0,599000.0,75885.0,-2.337228714524207
45,2016-03-08,604000.0,5000.0,588000.0,612000.0,588000.0,49925.0,0.8278145695364238
46,2016-03-09,608000.0,4000.0,601000.0,610000.0,600000.0,37660.0,0.6578947368421052
47,2016-03-10,635000.0,27000.0,608000.0,644000.0,602000.0,136851.0,4.251968503937007
48,2016-03-11,636000.0,1000.0,638000.0,649000.0,631000.0,108114.0,0.15723270440251574
49,2016-03-14,635000.0,-1000.0,641000.0,642000.0,625000.0,52825.0,-0.15748031496062992
50,2016-03-15,641000.0,6000.0,635000.0,648000.0,632000.0,51664.0,0.93603744149766
51,2016-03-16,640000.0,-1000.0,644000.0,647000.0,635000.0,41993.0,-0.15625
52,2016-03-17,636000.0,-4000.0,649000.0,649000.0,630000.0,79516.0,-0.628930817610063
53,2016-03-18,639000.0,3000.0,633000.0,642000.0,630000.0,59518.0,0.4694835680751174
54,2016-03-21,642000.0,3000.0,634000.0,648000.0,633000.0,63761.0,0.46728971962616817
55,2016-03-22,649000.0,7000.0,641000.0,654000.0,639000.0,99260.0,1.078582434514638
56,2016-03-23,634000.0,-15000.0,650000.0,652000.0,627000.0,94009.0,-2.365930599369085
57,2016-03-24,624000.0,-10000.0,638000.0,642000.0,621000.0,73071.0,-1.6025641025641024
58,2016-03-25,613000.0,-11000.0,624000.0,629000.0,611000.0,104353.0,-1.794453507340946
59,2016-03-28,617000.0,4000.0,616000.0,628000.0,615000.0,54766.0,0.6482982171799028
60,2016-03-29,640000.0,23000.0,617000.0,640000.0,616000.0,71050.0,3.5937499999999996
61,2016-03-30,637000.0,-3000.0,649000.0,649000.0,632000.0,89180.0,-0.47095761381475665
62,2016-03-31,637000.0,0.0,645000.0,646000.0,633000.0,107783.0,0.0
63,2016-04-01,628000.0,-9000.0,645000.0,645000.0,624000.0,62556.0,-1.4331210191082804
64,2016-04-04,651000.0,23000.0,632000.0,651000.0,632000.0,108339.0,3.5330261136712746
65,2016-04-05,652000.0,1000.0,650000.0,653000.0,648000.0,92265.0,0.15337423312883436
66,2016-04-06,649000.0,-3000.0,645000.0,651000.0,642000.0,84628.0,-0.46224961479198773
67,2016-04-07,675000.0,26000.0,651000.0,677000.0,649000.0,141392.0,3.851851851851852
68,2016-04-08,663000.0,-12000.0,667000.0,670000.0,660000.0,72693.0,-1.809954751131222
69,2016-04-11,664000.0,1000.0,663000.0,670000.0,656000.0,59360.0,0.15060240963855423
70,2016-04-12,670000.0,6000.0,666000.0,672000.0,660000.0,55658.0,0.8955223880597015
71,2016-04-14,673000.0,3000.0,690000.0,691000.0,668000.0,89049.0,0.44576523031203563
72,2016-04-15,673000.0,0.0,672000.0,677000.0,668000.0,80228.0,0.0
73,2016-04-18,661000.0,-12000.0,668000.0,672000.0,657000.0,74941.0,-1.8154311649016641
74,2016-04-19,669000.0,8000.0,661000.0,672000.0,661000.0,90281.0,1.195814648729447
75,2016-04-20,654000.0,-15000.0,666000.0,668000.0,651000.0,92783.0,-2.293577981651376
76,2016-04-21,667000.0,13000.0,660000.0,667000.0,656000.0,82414.0,1.9490254872563717
77,2016-04-22,663000.0,-4000.0,660000.0,665000.0,657000.0,38974.0,-0.603318250377074
78,2016-04-25,662000.0,-1000.0,662000.0,665000.0,655000.0,71124.0,-0.1510574018126888
79,2016-04-26,654000.0,-8000.0,663000.0,672000.0,649000.0,157920.0,-1.2232415902140672
80,2016-04-27,665000.0,11000.0,648000.0,665000.0,640000.0,80668.0,1.6541353383458646
81,2016-04-28,659000.0,-6000.0,691000.0,691000.0,646000.0,228211.0,-0.9104704097116844
82,2016-04-29,677000.0,18000.0,668000.0,681000.0,666000.0,181733.0,2.658788774002954
83,2016-05-02,678000.0,1000.0,679000.0,680000.0,667000.0,57779.0,0.14749262536873156
84,2016-05-03,676000.0,-2000.0,682000.0,682000.0,675000.0,68780.0,-0.2958579881656805
85,2016-05-04,680000.0,4000.0,679000.0,683000.0,670000.0,139450.0,0.5882352941176471
86,2016-05-09,700000.0,20000.0,699000.0,705000.0,687000.0,202321.0,2.857142857142857
87,2016-05-10,707000.0,7000.0,708000.0,714000.0,695000.0,106455.0,0.9900990099009901
88,2016-05-11,693000.0,-14000.0,700000.0,702000.0,690000.0,88336.0,-2.0202020202020203
89,2016-05-12,676000.0,-17000.0,695000.0,697000.0,676000.0,67686.0,-2.514792899408284
90,2016-05-13,677000.0,1000.0,675000.0,687000.0,668000.0,92573.0,0.14771048744460857
91,2016-05-16,692000.0,15000.0,671000.0,695000.0,671000.0,64530.0,2.167630057803468
92,2016-05-17,694000.0,2000.0,691000.0,694000.0,686000.0,68326.0,0.2881844380403458
93,2016-05-18,698000.0,4000.0,694000.0,698000.0,682000.0,175078.0,0.5730659025787965
94,2016-05-19,701000.0,3000.0,687000.0,701000.0,687000.0,50218.0,0.42796005706134094
95,2016-05-20,688000.0,-13000.0,708000.0,710000.0,682000.0,76520.0,-1.88953488372093
96,2016-05-23,690000.0,2000.0,690000.0,690000.0,673000.0,57779.0,0.2898550724637681
97,2016-05-24,694000.0,4000.0,690000.0,703000.0,686000.0,55240.0,0.5763688760806917
98,2016-05-25,704000.0,10000.0,701000.0,709000.0,695000.0,92645.0,1.4204545454545454
99,2016-05-26,703000.0,-1000.0,704000.0,709000.0,699000.0,45223.0,-0.1422475106685633
100,2016-05-27,700000.0,-3000.0,705000.0,706000.0,695000.0,45014.0,-0.4285714285714286
101,2016-05-30,710000.0,10000.0,705000.0,712000.0,702000.0,82852.0,1.4084507042253522
102,2016-05-31,720000.0,10000.0,710000.0,720000.0,706000.0,115867.0,1.3888888888888888
103,2016-06-01,687000.0,-33000.0,700000.0,701000.0,666000.0,336227.0,-4.8034934497816595
104,2016-06-02,697000.0,10000.0,694000.0,713000.0,691000.0,101813.0,1.4347202295552368
105,2016-06-03,707000.0,10000.0,702000.0,708000.0,695000.0,87753.0,1.4144271570014144
106,2016-06-07,707000.0,0.0,728000.0,729000.0,705000.0,99661.0,0.0
107,2016-06-08,722000.0,15000.0,709000.0,725000.0,708000.0,111238.0,2.0775623268698062
108,2016-06-09,720000.0,-2000.0,731000.0,733000.0,712000.0,134568.0,-0.2777777777777778
109,2016-06-10,720000.0,0.0,731000.0,733000.0,717000.0,95001.0,0.0
110,2016-06-13,697000.0,-23000.0,714000.0,714000.0,686000.0,160118.0,-3.2998565279770444
111,2016-06-14,697000.0,0.0,689000.0,702000.0,679000.0,130979.0,0.0
112,2016-06-15,697000.0,0.0,704000.0,709000.0,692000.0,70465.0,0.0
113,2016-06-16,701000.0,4000.0,691000.0,701000.0,691000.0,59844.0,0.5706134094151213
114,2016-06-17,689000.0,-12000.0,701000.0,702000.0,688000.0,73560.0,-1.741654571843251
115,2016-06-20,692000.0,3000.0,697000.0,697000.0,684000.0,61510.0,0.4335260115606936
116,2016-06-21,697000.0,5000.0,694000.0,698000.0,688000.0,61540.0,0.7173601147776184
117,2016-06-22,730000.0,33000.0,699000.0,730000.0,699000.0,201087.0,4.52054794520548
118,2016-06-23,747000.0,17000.0,733000.0,760000.0,732000.0,226122.0,2.2757697456492636
119,2016-06-24,739000.0,-8000.0,745000.0,759000.0,721000.0,173581.0,-1.0825439783491204
120,2016-06-27,710000.0,-29000.0,728000.0,730000.0,706000.0,234896.0,-4.084507042253521
121,2016-06-28,719000.0,9000.0,701000.0,719000.0,700000.0,154017.0,1.2517385257301807
122,2016-06-29,713000.0,-6000.0,715000.0,724000.0,713000.0,148394.0,-0.8415147265077139
123,2016-06-30,710000.0,-3000.0,710000.0,717000.0,707000.0,153533.0,-0.42253521126760557
124,2016-07-01,713000.0,3000.0,713000.0,723000.0,713000.0,76569.0,0.42075736325385693
125,2016-07-04,727000.0,14000.0,716000.0,729000.0,712000.0,117837.0,1.925722145804677
126,2016-07-05,750000.0,23000.0,730000.0,756000.0,730000.0,127066.0,3.0666666666666664
127,2016-07-06,745000.0,-5000.0,750000.0,750000.0,730000.0,122446.0,-0.6711409395973155
128,2016-07-07,753000.0,8000.0,752000.0,770000.0,748000.0,68516.0,1.0624169986719787
129,2016-07-08,750000.0,-3000.0,751000.0,756000.0,748000.0,73753.0,-0.4
130,2016-07-11,754000.0,4000.0,745000.0,758000.0,743000.0,108205.0,0.5305039787798408
131,2016-07-12,755000.0,1000.0,759000.0,768000.0,748000.0,127011.0,0.13245033112582782
132,2016-07-13,758000.0,3000.0,760000.0,768000.0,748000.0,155150.0,0.395778364116095
133,2016-07-14,734000.0,-24000.0,751000.0,754000.0,734000.0,165410.0,-3.2697547683923704
134,2016-07-15,716000.0,-18000.0,750000.0,753000.0,706000.0,306084.0,-2.5139664804469275
135,2016-07-18,712000.0,-4000.0,717000.0,718000.0,706000.0,150928.0,-0.5617977528089888
136,2016-07-19,718000.0,6000.0,718000.0,721000.0,707000.0,110798.0,0.8356545961002786
137,2016-07-20,695000.0,-23000.0,715000.0,717000.0,691000.0,201850.0,-3.3093525179856114
138,2016-07-21,704000.0,9000.0,698000.0,706000.0,697000.0,108311.0,1.278409090909091
139,2016-07-22,705000.0,1000.0,706000.0,712000.0,704000.0,90330.0,0.14184397163120568
140,2016-07-25,710000.0,5000.0,708000.0,714000.0,708000.0,51417.0,0.7042253521126761
141,2016-07-26,710000.0,0.0,711000.0,714000.0,702000.0,57867.0,0.0
142,2016-07-27,712000.0,2000.0,710000.0,718000.0,710000.0,58607.0,0.2808988764044944
143,2016-07-28,710000.0,-2000.0,717000.0,719000.0,707000.0,98214.0,-0.28169014084507044
144,2016-07-29,710000.0,0.0,710000.0,717000.0,708000.0,106351.0,0.0
145,2016-08-01,701000.0,-9000.0,711000.0,713000.0,678000.0,145886.0,-1.2838801711840229
146,2016-08-02,713000.0,12000.0,701000.0,715000.0,699000.0,48938.0,1.6830294530154277
147,2016-08-03,705000.0,-8000.0,710000.0,713000.0,702000.0,49681.0,-1.1347517730496455
148,2016-08-04,707000.0,2000.0,713000.0,714000.0,701000.0,51248.0,0.2828854314002829
149,2016-08-05,723000.0,16000.0,711000.0,725000.0,705000.0,55159.0,2.2130013831258646
150,2016-08-08,749000.0,26000.0,728000.0,749000.0,727000.0,116945.0,3.4712950600801067
151,2016-08-09,755000.0,6000.0,754000.0,757000.0,750000.0,168810.0,0.7947019867549668
152,2016-08-10,775000.0,20000.0,765000.0,776000.0,759000.0,160412.0,2.5806451612903225
153,2016-08-11,778000.0,3000.0,779000.0,779000.0,769000.0,76227.0,0.3856041131105398
154,2016-08-12,782000.0,4000.0,777000.0,784000.0,777000.0,51184.0,0.5115089514066496
155,2016-08-16,790000.0,8000.0,784000.0,798000.0,783000.0,112935.0,1.0126582278481013
156,2016-08-17,790000.0,0.0,775000.0,792000.0,775000.0,69851.0,0.0
157,2016-08-18,801000.0,11000.0,792000.0,801000.0,790000.0,92495.0,1.373283395755306
158,2016-08-19,805000.0,4000.0,807000.0,811000.0,798000.0,137384.0,0.4968944099378882
159,2016-08-22,795000.0,-10000.0,800000.0,803000.0,793000.0,80005.0,-1.257861635220126
160,2016-08-23,806000.0,11000.0,801000.0,808000.0,795000.0,69435.0,1.3647642679900744
161,2016-08-24,812000.0,6000.0,807000.0,814000.0,800000.0,71904.0,0.7389162561576355
162,2016-08-25,804000.0,-8000.0,812000.0,812000.0,802000.0,96952.0,-0.9950248756218906
163,2016-08-26,805000.0,1000.0,796000.0,809000.0,796000.0,75008.0,0.12422360248447205
164,2016-08-29,810000.0,5000.0,806000.0,819000.0,800000.0,84039.0,0.6172839506172839
165,2016-08-30,821000.0,11000.0,811000.0,821000.0,805000.0,70624.0,1.3398294762484775
166,2016-08-31,845000.0,24000.0,843000.0,850000.0,827000.0,158267.0,2.8402366863905324
167,2016-09-01,829000.0,-16000.0,845000.0,847000.0,819000.0,90304.0,-1.9300361881785282
168,2016-09-02,831000.0,2000.0,833000.0,835000.0,822000.0,65593.0,0.24067388688327318
169,2016-09-05,850000.0,19000.0,842000.0,855000.0,842000.0,51800.0,2.235294117647059
170,2016-09-06,843000.0,-7000.0,858000.0,875000.0,833000.0,120907.0,-0.8303677342823249
171,2016-09-07,872000.0,29000.0,843000.0,874000.0,838000.0,87219.0,3.325688073394496
172,2016-09-08,869000.0,-3000.0,869000.0,872000.0,851000.0,78393.0,-0.34522439585730724
173,2016-09-09,847000.0,-22000.0,852000.0,860000.0,841000.0,83335.0,-2.5974025974025974
174,2016-09-12,840000.0,-7000.0,835000.0,843000.0,831000.0,69512.0,-0.8333333333333334
175,2016-09-13,841000.0,1000.0,850000.0,851000.0,833000.0,69669.0,0.11890606420927466
176,2016-09-19,856000.0,15000.0,853000.0,870000.0,845000.0,117354.0,1.7523364485981308
177,2016-09-20,836000.0,-20000.0,858000.0,867000.0,835000.0,109454.0,-2.3923444976076556
178,2016-09-21,855000.0,19000.0,836000.0,864000.0,836000.0,108756.0,2.2222222222222223
179,2016-09-22,873000.0,18000.0,867000.0,874000.0,855000.0,112398.0,2.0618556701030926
180,2016-09-23,878000.0,5000.0,882000.0,882000.0,861000.0,74094.0,0.5694760820045558
181,2016-09-26,876000.0,-2000.0,879000.0,884000.0,869000.0,42051.0,-0.228310502283105
182,2016-09-27,884000.0,8000.0,876000.0,890000.0,866000.0,80703.0,0.904977375565611
183,2016-09-28,887000.0,3000.0,886000.0,895000.0,884000.0,54783.0,0.3382187147688839
184,2016-09-29,900000.0,13000.0,890000.0,903000.0,887000.0,77187.0,1.4444444444444444
185,2016-09-30,883000.0,-17000.0,886000.0,888000.0,859000.0,172513.0,-1.9252548131370328
186,2016-10-04,858000.0,-25000.0,883000.0,884000.0,850000.0,109200.0,-2.9137529137529135
187,2016-10-05,867000.0,9000.0,853000.0,875000.0,851000.0,66523.0,1.0380622837370241
188,2016-10-06,861000.0,-6000.0,869000.0,874000.0,852000.0,54843.0,-0.6968641114982579
189,2016-10-07,843000.0,-18000.0,860000.0,861000.0,834000.0,75928.0,-2.135231316725979
190,2016-10-10,872000.0,29000.0,853000.0,880000.0,848000.0,69249.0,3.325688073394496
191,2016-10-11,862000.0,-10000.0,888000.0,894000.0,853000.0,70122.0,-1.160092807424594
192,2016-10-12,864000.0,2000.0,870000.0,880000.0,862000.0,64084.0,0.23148148148148145
193,2016-10-13,827000.0,-37000.0,859000.0,863000.0,827000.0,96099.0,-4.474002418379685
194,2016-10-14,844000.0,17000.0,831000.0,849000.0,831000.0,56239.0,2.014218009478673
195,2016-10-17,851000.0,7000.0,842000.0,857000.0,833000.0,77721.0,0.8225616921269095
196,2016-10-18,846000.0,-5000.0,854000.0,858000.0,838000.0,81061.0,-0.5910165484633569
197,2016-10-19,829000.0,-17000.0,841000.0,845000.0,823000.0,85601.0,-2.0506634499396865
198,2016-10-20,844000.0,15000.0,830000.0,845000.0,826000.0,116179.0,1.7772511848341233
199,2016-10-21,831000.0,-13000.0,838000.0,840000.0,829000.0,60552.0,-1.5643802647412757
200,2016-10-24,833000.0,2000.0,826000.0,836000.0,826000.0,135275.0,0.24009603841536614
201,2016-10-25,837000.0,4000.0,825000.0,843000.0,825000.0,86741.0,0.4778972520908005
202,2016-10-26,848000.0,11000.0,827000.0,852000.0,827000.0,71085.0,1.2971698113207548
203,2016-10-27,859000.0,11000.0,863000.0,883000.0,853000.0,178398.0,1.2805587892898718
204,2016-10-28,860000.0,1000.0,871000.0,876000.0,855000.0,80422.0,0.11627906976744186
205,2016-10-31,857000.0,-3000.0,858000.0,866000.0,847000.0,66212.0,-0.3500583430571762
206,2016-11-01,847000.0,-10000.0,860000.0,860000.0,832000.0,224653.0,-1.1806375442739079
207,2016-11-02,826000.0,-21000.0,849000.0,850000.0,823000.0,85366.0,-2.5423728813559325
208,2016-11-03,812000.0,-14000.0,826000.0,826000.0,812000.0,68345.0,-1.7241379310344827
209,2016-11-04,789000.0,-23000.0,808000.0,810000.0,785000.0,102475.0,-2.915082382762991
210,2016-11-07,820000.0,31000.0,798000.0,829000.0,795000.0,99899.0,3.7804878048780486
211,2016-11-08,815000.0,-5000.0,829000.0,838000.0,811000.0,62904.0,-0.6134969325153374
212,2016-11-09,805000.0,-10000.0,826000.0,827000.0,784000.0,124375.0,-1.2422360248447204
213,2016-11-10,806000.0,1000.0,816000.0,819000.0,801000.0,82529.0,0.12406947890818859
214,2016-11-11,760000.0,-46000.0,781000.0,790000.0,757000.0,214331.0,-6.052631578947368
215,2016-11-14,746000.0,-14000.0,760000.0,779000.0,746000.0,139465.0,-1.876675603217158
216,2016-11-15,744000.0,-2000.0,746000.0,762000.0,739000.0,133064.0,-0.2688172043010753
217,2016-11-16,751000.0,7000.0,751000.0,759000.0,741000.0,154996.0,0.9320905459387484
218,2016-11-17,745000.0,-6000.0,748000.0,755000.0,743000.0,99389.0,-0.8053691275167786
219,2016-11-18,771000.0,26000.0,760000.0,773000.0,750000.0,144474.0,3.372243839169909
220,2016-11-21,786000.0,15000.0,771000.0,799000.0,759000.0,147242.0,1.9083969465648856
221,2016-11-22,810000.0,24000.0,788000.0,813000.0,787000.0,105354.0,2.9629629629629632
222,2016-11-23,795000.0,-15000.0,795000.0,809000.0,792000.0,75510.0,-1.8867924528301887
223,2016-11-24,802000.0,7000.0,789000.0,805000.0,783000.0,70341.0,0.8728179551122194
224,2016-11-25,805000.0,3000.0,810000.0,817000.0,802000.0,124784.0,0.37267080745341613
225,2016-11-28,808000.0,3000.0,802000.0,815000.0,792000.0,76152.0,0.3712871287128713
226,2016-11-29,801000.0,-7000.0,802000.0,815000.0,801000.0,56621.0,-0.8739076154806492
227,2016-11-30,798000.0,-3000.0,802000.0,810000.0,786000.0,168587.0,-0.37593984962406013
228,2016-12-01,764000.0,-34000.0,790000.0,798000.0,764000.0,103862.0,-4.450261780104712
229,2016-12-02,755000.0,-9000.0,777000.0,777000.0,754000.0,79960.0,-1.1920529801324504
230,2016-12-05,764000.0,9000.0,749000.0,769000.0,744000.0,82134.0,1.1780104712041886
231,2016-12-06,756000.0,-8000.0,774000.0,778000.0,750000.0,98542.0,-1.0582010582010581
232,2016-12-07,750000.0,-6000.0,757000.0,762000.0,749000.0,52901.0,-0.8
233,2016-12-08,804000.0,54000.0,756000.0,804000.0,756000.0,134987.0,6.7164179104477615
234,2016-12-09,800000.0,-4000.0,804000.0,814000.0,796000.0,82302.0,-0.5
235,2016-12-12,792000.0,-8000.0,804000.0,808000.0,788000.0,60521.0,-1.0101010101010102
236,2016-12-13,786000.0,-6000.0,794000.0,795000.0,782000.0,60797.0,-0.7633587786259541
237,2016-12-14,785000.0,-1000.0,793000.0,796000.0,781000.0,52767.0,-0.12738853503184713
238,2016-12-15,786000.0,1000.0,785000.0,794000.0,784000.0,83964.0,0.1272264631043257
239,2016-12-16,806000.0,20000.0,797000.0,806000.0,789000.0,100221.0,2.481389578163772
240,2016-12-19,800000.0,-6000.0,801000.0,806000.0,796000.0,47789.0,-0.75
241,2016-12-20,787000.0,-13000.0,800000.0,802000.0,785000.0,65614.0,-1.6518424396442184
242,2016-12-21,779000.0,-8000.0,795000.0,797000.0,779000.0,44194.0,-1.0269576379974326
243,2016-12-22,773000.0,-6000.0,779000.0,786000.0,767000.0,78677.0,-0.7761966364812419
244,2016-12-23,768000.0,-5000.0,771000.0,777000.0,762000.0,53375.0,-0.6510416666666667
245,2016-12-26,765000.0,-3000.0,766000.0,773000.0,765000.0,20665.0,-0.39215686274509803
246,2016-12-27,772000.0,7000.0,766000.0,773000.0,763000.0,31962.0,0.9067357512953367
247,2016-12-28,763000.0,-9000.0,785000.0,785000.0,763000.0,57737.0,-1.1795543905635648
248,2016-12-29,775000.0,12000.0,758000.0,777000.0,754000.0,56324.0,1.5483870967741935
249,2017-01-02,777000.0,2000.0,778000.0,787000.0,775000.0,30777.0,0.2574002574002574
250,2017-01-03,767000.0,-10000.0,777000.0,777000.0,767000.0,51766.0,-1.303780964797914
251,2017-01-04,810000.0,43000.0,775000.0,810000.0,771000.0,120359.0,5.3086419753086425
252,2017-01-05,791000.0,-19000.0,810000.0,810000.0,791000.0,68724.0,-2.402022756005057
253,2017-01-06,799000.0,8000.0,791000.0,801000.0,786000.0,50269.0,1.0012515644555695
254,2017-01-09,779000.0,-20000.0,791000.0,799000.0,777000.0,76688.0,-2.5673940949935816
255,2017-01-10,792000.0,13000.0,787000.0,793000.0,779000.0,47372.0,1.6414141414141417
256,2017-01-11,796000.0,4000.0,786000.0,802000.0,786000.0,48742.0,0.5025125628140703
257,2017-01-12,802000.0,6000.0,799000.0,815000.0,796000.0,56389.0,0.7481296758104738
258,2017-01-13,790000.0,-12000.0,802000.0,805000.0,787000.0,68231.0,-1.5189873417721518
259,2017-01-16,794000.0,4000.0,792000.0,801000.0,774000.0,55042.0,0.5037783375314862
260,2017-01-17,795000.0,1000.0,787000.0,797000.0,782000.0,50942.0,0.12578616352201258
261,2017-01-18,788000.0,-7000.0,800000.0,800000.0,787000.0,55176.0,-0.8883248730964468
262,2017-01-19,801000.0,13000.0,787000.0,806000.0,787000.0,67811.0,1.6229712858926344
263,2017-01-20,785000.0,-16000.0,797000.0,798000.0,785000.0,73435.0,-2.038216560509554
264,2017-01-23,771000.0,-14000.0,778000.0,779000.0,763000.0,90668.0,-1.8158236057068744
265,2017-01-24,761000.0,-10000.0,771000.0,771000.0,760000.0,106880.0,-1.314060446780552
266,2017-01-25,763000.0,2000.0,763000.0,768000.0,760000.0,119005.0,0.2621231979030144
267,2017-01-26,753000.0,-10000.0,751000.0,763000.0,736000.0,274419.0,-1.3280212483399734
268,2017-01-31,758000.0,5000.0,750000.0,767000.0,743000.0,127610.0,0.6596306068601583
269,2017-02-01,771000.0,13000.0,761000.0,774000.0,760000.0,92541.0,1.6861219195849546
270,2017-02-02,772000.0,1000.0,776000.0,780000.0,770000.0,121050.0,0.1295336787564767
271,2017-02-03,774000.0,2000.0,770000.0,776000.0,767000.0,142414.0,0.2583979328165375
272,2017-02-06,779000.0,5000.0,781000.0,781000.0,772000.0,127029.0,0.6418485237483954
273,2017-02-07,800000.0,21000.0,778000.0,802000.0,775000.0,135111.0,2.625
274,2017-02-08,795000.0,-5000.0,799000.0,799000.0,791000.0,77643.0,-0.628930817610063
275,2017-02-09,787000.0,-8000.0,788000.0,796000.0,783000.0,102023.0,-1.0165184243964422
276,2017-02-10,795000.0,8000.0,795000.0,795000.0,787000.0,67489.0,1.0062893081761006
277,2017-02-13,795000.0,0.0,800000.0,803000.0,788000.0,59380.0,0.0
278,2017-02-14,770000.0,-25000.0,785000.0,790000.0,766000.0,119907.0,-3.2467532467532463
279,2017-02-15,773000.0,3000.0,769000.0,777000.0,768000.0,66435.0,0.38809831824062097
280,2017-02-16,777000.0,4000.0,770000.0,777000.0,769000.0,73821.0,0.5148005148005148
281,2017-02-17,780000.0,3000.0,773000.0,785000.0,772000.0,104341.0,0.38461538461538464
282,2017-02-20,781000.0,1000.0,773000.0,784000.0,772000.0,75042.0,0.12804097311139565
283,2017-02-21,790000.0,9000.0,778000.0,793000.0,776000.0,115574.0,1.139240506329114
284,2017-02-22,797000.0,7000.0,788000.0,800000.0,786000.0,107372.0,0.8782936010037641
285,2017-02-23,808000.0,11000.0,805000.0,815000.0,804000.0,96955.0,1.3613861386138615
286,2017-02-24,803000.0,-5000.0,803000.0,807000.0,793000.0,77173.0,-0.62266500622665
287,2017-02-27,796000.0,-7000.0,800000.0,807000.0,792000.0,33895.0,-0.8793969849246231
288,2017-02-28,776000.0,-20000.0,794000.0,800000.0,776000.0,97398.0,-2.5773195876288657
289,2017-03-02,815000.0,39000.0,799000.0,819000.0,790000.0,150962.0,4.785276073619632
290,2017-03-03,809000.0,-6000.0,816000.0,839000.0,794000.0,98302.0,-0.7416563658838072
291,2017-03-06,800000.0,-9000.0,810000.0,817000.0,795000.0,57995.0,-1.125
292,2017-03-07,799000.0,-1000.0,800000.0,806000.0,794000.0,48316.0,-0.1251564455569462
293,2017-03-08,800000.0,1000.0,798000.0,807000.0,791000.0,56378.0,0.125
294,2017-03-09,789000.0,-11000.0,801000.0,806000.0,789000.0,75785.0,-1.394169835234474
295,2017-03-10,800000.0,11000.0,789000.0,802000.0,783000.0,48907.0,1.375
296,2017-03-13,826000.0,26000.0,800000.0,833000.0,799000.0,83464.0,3.14769975786925
297,2017-03-14,815000.0,-11000.0,827000.0,833000.0,811000.0,94487.0,-1.3496932515337423
298,2017-03-15,820000.0,5000.0,817000.0,826000.0,810000.0,40787.0,0.6097560975609756
299,2017-03-16,819000.0,-1000.0,834000.0,835000.0,817000.0,53315.0,-0.1221001221001221
300,2017-03-17,827000.0,8000.0,825000.0,833000.0,819000.0,59069.0,0.9673518742442563
301,2017-03-20,818000.0,-9000.0,830000.0,830000.0,810000.0,59293.0,-1.1002444987775062
302,2017-03-21,871000.0,53000.0,828000.0,872000.0,825000.0,150195.0,6.084959816303099
303,2017-03-22,849000.0,-22000.0,870000.0,871000.0,846000.0,79212.0,-2.5912838633686692
304,2017-03-23,864000.0,15000.0,860000.0,872000.0,851000.0,80062.0,1.7361111111111112
305,2017-03-24,872000.0,8000.0,864000.0,880000.0,864000.0,55786.0,0.9174311926605505
306,2017-03-27,885000.0,13000.0,865000.0,892000.0,865000.0,60459.0,1.4689265536723164
307,2017-03-28,853000.0,-32000.0,885000.0,886000.0,851000.0,82475.0,-3.751465416178194
308,2017-03-29,864000.0,11000.0,859000.0,865000.0,854000.0,58716.0,1.2731481481481481
309,2017-03-30,861000.0,-3000.0,865000.0,874000.0,856000.0,57075.0,-0.34843205574912894
310,2017-03-31,855000.0,-6000.0,861000.0,870000.0,854000.0,50026.0,-0.7017543859649122
311,2017-04-03,873000.0,18000.0,855000.0,878000.0,843000.0,54884.0,2.0618556701030926
312,2017-04-04,850000.0,-23000.0,868000.0,869000.0,846000.0,59594.0,-2.705882352941176
313,2017-04-05,843000.0,-7000.0,857000.0,859000.0,835000.0,99674.0,-0.8303677342823249
314,2017-04-06,840000.0,-3000.0,838000.0,840000.0,826000.0,72103.0,-0.35714285714285715
315,2017-04-07,828000.0,-12000.0,837000.0,842000.0,825000.0,57671.0,-1.4492753623188406
316,2017-04-10,818000.0,-10000.0,823000.0,828000.0,811000.0,71406.0,-1.2224938875305624
317,2017-04-11,770000.0,-48000.0,810000.0,811000.0,767000.0,263066.0,-6.233766233766234
318,2017-04-12,768000.0,-2000.0,773000.0,777000.0,757000.0,205449.0,-0.26041666666666663
319,2017-04-13,802000.0,34000.0,773000.0,803000.0,770000.0,173040.0,4.239401496259352
320,2017-04-14,787000.0,-15000.0,798000.0,811000.0,786000.0,59789.0,-1.9059720457433291
321,2017-04-17,785000.0,-2000.0,780000.0,793000.0,773000.0,55583.0,-0.25477707006369427
322,2017-04-18,778000.0,-7000.0,791000.0,791000.0,777000.0,54222.0,-0.8997429305912596
323,2017-04-19,777000.0,-1000.0,778000.0,785000.0,777000.0,82834.0,-0.1287001287001287
324,2017-04-20,796000.0,19000.0,785000.0,800000.0,781000.0,98297.0,2.386934673366834
325,2017-04-21,813000.0,17000.0,801000.0,813000.0,796000.0,85913.0,2.091020910209102
326,2017-04-24,810000.0,-3000.0,811000.0,813000.0,805000.0,86866.0,-0.3703703703703704
327,2017-04-25,815000.0,5000.0,815000.0,815000.0,803000.0,151351.0,0.6134969325153374
328,2017-04-26,807000.0,-8000.0,815000.0,816000.0,804000.0,161105.0,-0.9913258983890955
329,2017-04-27,791000.0,-16000.0,796000.0,800000.0,785000.0,169134.0,-2.0227560050568902
330,2017-04-28,800000.0,9000.0,791000.0,803000.0,791000.0,112573.0,1.125
331,2017-05-02,801000.0,1000.0,800000.0,807000.0,790000.0,108742.0,0.12484394506866417
332,2017-05-04,823000.0,22000.0,806000.0,823000.0,803000.0,88182.0,2.67314702308627
333,2017-05-08,845000.0,22000.0,823000.0,845000.0,815000.0,133891.0,2.603550295857988
334,2017-05-10,824000.0,-21000.0,859000.0,878000.0,823000.0,141076.0,-2.5485436893203883
335,2017-05-11,866000.0,42000.0,841000.0,866000.0,837000.0,174898.0,4.849884526558892
336,2017-05-12,848000.0,-18000.0,864000.0,865000.0,842000.0,76597.0,-2.1226415094339623
337,2017-05-15,839000.0,-9000.0,853000.0,854000.0,834000.0,47526.0,-1.0727056019070322
338,2017-05-16,839000.0,0.0,839000.0,850000.0,830000.0,54957.0,0.0
339,2017-05-17,832000.0,-7000.0,835000.0,838000.0,829000.0,73344.0,-0.8413461538461539
340,2017-05-18,824000.0,-8000.0,829000.0,832000.0,817000.0,58999.0,-0.9708737864077669
341,2017-05-19,832000.0,8000.0,822000.0,833000.0,822000.0,125157.0,0.9615384615384616
342,2017-05-22,847000.0,15000.0,848000.0,848000.0,834000.0,70139.0,1.770956316410862
343,2017-05-23,842000.0,-5000.0,846000.0,850000.0,838000.0,74596.0,-0.5938242280285035
344,2017-05-24,852000.0,10000.0,850000.0,855000.0,842000.0,91609.0,1.1737089201877933
345,2017-05-25,852000.0,0.0,855000.0,858000.0,848000.0,66807.0,0.0
346,2017-05-26,855000.0,3000.0,860000.0,863000.0,854000.0,61658.0,0.3508771929824561
347,2017-05-29,856000.0,1000.0,860000.0,864000.0,852000.0,45405.0,0.11682242990654204
348,2017-05-30,852000.0,-4000.0,856000.0,859000.0,845000.0,67161.0,-0.4694835680751174
349,2017-05-31,845000.0,-7000.0,849000.0,864000.0,843000.0,95528.0,-0.8284023668639053
350,2017-06-01,842000.0,-3000.0,850000.0,860000.0,842000.0,55107.0,-0.35629453681710216
351,2017-06-02,864000.0,22000.0,843000.0,864000.0,843000.0,68640.0,2.5462962962962963
352,2017-06-05,876000.0,12000.0,854000.0,887000.0,854000.0,104348.0,1.36986301369863
353,2017-06-07,876000.0,0.0,876000.0,888000.0,871000.0,84108.0,0.0
354,2017-06-08,890000.0,14000.0,885000.0,893000.0,877000.0,105056.0,1.5730337078651686
355,2017-06-09,960000.0,70000.0,895000.0,975000.0,894000.0,183462.0,7.291666666666667
356,2017-06-12,895000.0,-65000.0,926000.0,933000.0,895000.0,198383.0,-7.262569832402235
357,2017-06-13,895000.0,0.0,895000.0,919000.0,891000.0,112622.0,0.0
358,2017-06-14,883000.0,-12000.0,898000.0,914000.0,875000.0,133198.0,-1.3590033975084939
359,2017-06-15,885000.0,2000.0,880000.0,896000.0,879000.0,76874.0,0.22598870056497175
360,2017-06-16,892000.0,7000.0,889000.0,892000.0,873000.0,96765.0,0.7847533632286996
361,2017-06-19,878000.0,-14000.0,887000.0,898000.0,876000.0,63532.0,-1.5945330296127564
362,2017-06-20,866000.0,-12000.0,892000.0,893000.0,864000.0,83933.0,-1.3856812933025404
363,2017-06-21,880000.0,14000.0,857000.0,881000.0,832000.0,97753.0,1.5909090909090908
364,2017-06-22,880000.0,0.0,878000.0,888000.0,871000.0,59325.0,0.0
365,2017-06-23,887000.0,7000.0,884000.0,896000.0,875000.0,61621.0,0.7891770011273956
366,2017-06-26,888000.0,1000.0,891000.0,903000.0,881000.0,58948.0,0.11261261261261261
367,2017-06-27,869000.0,-19000.0,890000.0,902000.0,866000.0,686346.0,-2.186421173762946
368,2017-06-28,861000.0,-8000.0,858000.0,865000.0,851000.0,101311.0,-0.9291521486643438
369,2017-06-29,853000.0,-8000.0,864000.0,868000.0,851000.0,72186.0,-0.9378663540445485
370,2017-06-30,838000.0,-15000.0,845000.0,850000.0,835000.0,111979.0,-1.7899761336515514
371,2017-07-03,844000.0,6000.0,844000.0,850000.0,833000.0,64145.0,0.7109004739336493
372,2017-07-04,840000.0,-4000.0,840000.0,847000.0,837000.0,44926.0,-0.4761904761904762
373,2017-07-05,835000.0,-5000.0,837000.0,840000.0,831000.0,65120.0,-0.5988023952095809
374,2017-07-06,825000.0,-10000.0,834000.0,835000.0,818000.0,108236.0,-1.2121212121212122
375,2017-07-07,838000.0,13000.0,825000.0,841000.0,822000.0,93149.0,1.5513126491646778
376,2017-07-10,813000.0,-25000.0,829000.0,834000.0,813000.0,94323.0,-3.075030750307503
377,2017-07-11,830000.0,17000.0,813000.0,835000.0,813000.0,82714.0,2.0481927710843375
378,2017-07-12,821000.0,-9000.0,831000.0,839000.0,815000.0,70912.0,-1.0962241169305724
379,2017-07-13,830000.0,9000.0,817000.0,837000.0,817000.0,91884.0,1.0843373493975903
380,2017-07-14,839000.0,9000.0,829000.0,839000.0,826000.0,98662.0,1.0727056019070322
381,2017-07-17,839000.0,0.0,840000.0,844000.0,835000.0,84952.0,0.0
382,2017-07-18,830000.0,-9000.0,841000.0,844000.0,826000.0,63292.0,-1.0843373493975903
383,2017-07-19,835000.0,5000.0,831000.0,842000.0,830000.0,69438.0,0.5988023952095809
384,2017-07-20,835000.0,0.0,833000.0,842000.0,827000.0,63638.0,0.0
385,2017-07-21,839000.0,4000.0,832000.0,840000.0,832000.0,60799.0,0.47675804529201427
386,2017-07-24,833000.0,-6000.0,837000.0,838000.0,821000.0,68561.0,-0.7202881152460985
387,2017-07-25,837000.0,4000.0,834000.0,838000.0,824000.0,65990.0,0.4778972520908005
388,2017-07-26,825000.0,-12000.0,840000.0,841000.0,819000.0,82343.0,-1.4545454545454546
389,2017-07-27,825000.0,0.0,820000.0,829000.0,819000.0,70479.0,0.0
390,2017-07-28,799000.0,-26000.0,821000.0,824000.0,799000.0,125875.0,-3.254067584480601
391,2017-07-31,803000.0,4000.0,799000.0,808000.0,786000.0,87685.0,0.49813200498132004
392,2017-08-01,796000.0,-7000.0,794000.0,802000.0,790000.0,82928.0,-0.8793969849246231
393,2017-08-02,795000.0,-1000.0,792000.0,800000.0,791000.0,83691.0,-0.12578616352201258
394,2017-08-03,778000.0,-17000.0,794000.0,798000.0,775000.0,134930.0,-2.185089974293059
395,2017-08-04,776000.0,-2000.0,779000.0,785000.0,776000.0,67353.0,-0.25773195876288657
396,2017-08-07,796000.0,20000.0,777000.0,803000.0,768000.0,148923.0,2.512562814070352
397,2017-08-08,810000.0,14000.0,801000.0,816000.0,800000.0,104049.0,1.728395061728395
398,2017-08-09,798000.0,-12000.0,798000.0,807000.0,797000.0,51973.0,-1.5037593984962405
399,2017-08-10,794000.0,-4000.0,794000.0,802000.0,791000.0,73502.0,-0.5037783375314862
400,2017-08-11,795000.0,1000.0,781000.0,798000.0,780000.0,53942.0,0.12578616352201258
401,2017-08-14,779000.0,-16000.0,807000.0,807000.0,776000.0,79397.0,-2.053915275994865
402,2017-08-16,787000.0,8000.0,780000.0,790000.0,779000.0,69817.0,1.0165184243964422
403,2017-08-17,777000.0,-10000.0,781000.0,786000.0,776000.0,73408.0,-1.287001287001287
404,2017-08-18,784000.0,7000.0,773000.0,785000.0,773000.0,52621.0,0.8928571428571428
405,2017-08-21,781000.0,-3000.0,784000.0,785000.0,775000.0,40484.0,-0.3841229193341869
406,2017-08-22,767000.0,-14000.0,781000.0,781000.0,763000.0,229898.0,-1.8252933507170794
407,2017-08-23,773000.0,6000.0,772000.0,781000.0,770000.0,97015.0,0.7761966364812419
408,2017-08-24,771000.0,-2000.0,770000.0,774000.0,766000.0,116996.0,-0.25940337224383914
409,2017-08-25,780000.0,9000.0,771000.0,787000.0,771000.0,82607.0,1.153846153846154
410,2017-08-28,783000.0,3000.0,781000.0,793000.0,779000.0,109037.0,0.38314176245210724
411,2017-08-29,778000.0,-5000.0,779000.0,780000.0,767000.0,105691.0,-0.6426735218508998
412,2017-08-30,774000.0,-4000.0,778000.0,783000.0,771000.0,112999.0,-0.516795865633075
413,2017-08-31,755000.0,-19000.0,769000.0,770000.0,751000.0,198250.0,-2.5165562913907285
414,2017-09-01,746000.0,-9000.0,757000.0,761000.0,745000.0,146540.0,-1.2064343163538873
415,2017-09-04,726000.0,-20000.0,724000.0,734000.0,724000.0,140477.0,-2.7548209366391188
416,2017-09-05,736000.0,10000.0,728000.0,742000.0,727000.0,97577.0,1.358695652173913
417,2017-09-06,737000.0,1000.0,729000.0,739000.0,725000.0,80239.0,0.13568521031207598
418,2017-09-07,730000.0,-7000.0,736000.0,737000.0,730000.0,68175.0,-0.9589041095890412
419,2017-09-08,727000.0,-3000.0,725000.0,733000.0,724000.0,70880.0,-0.41265474552957354
420,2017-09-11,720000.0,-7000.0,727000.0,727000.0,717000.0,75517.0,-0.9722222222222222
421,2017-09-12,735000.0,15000.0,723000.0,742000.0,718000.0,83031.0,2.0408163265306123
422,2017-09-13,729000.0,-6000.0,733000.0,735000.0,725000.0,74276.0,-0.823045267489712
423,2017-09-14,765000.0,36000.0,730000.0,769000.0,729000.0,226589.0,4.705882352941177
424,2017-09-15,760000.0,-5000.0,764000.0,764000.0,752000.0,99262.0,-0.6578947368421052
425,2017-09-18,781000.0,21000.0,762000.0,786000.0,761000.0,122896.0,2.6888604353393086
426,2017-09-19,770000.0,-11000.0,775000.0,777000.0,764000.0,73974.0,-1.4285714285714286
427,2017-09-20,783000.0,13000.0,774000.0,787000.0,767000.0,86367.0,1.6602809706257982
428,2017-09-21,763000.0,-20000.0,777000.0,781000.0,760000.0,67757.0,-2.621231979030144
429,2017-09-22,764000.0,1000.0,765000.0,775000.0,755000.0,64961.0,0.13089005235602094
430,2017-09-25,754000.0,-10000.0,760000.0,763000.0,749000.0,73864.0,-1.3262599469496021
431,2017-09-26,753000.0,-1000.0,746000.0,755000.0,736000.0,75843.0,-0.13280212483399734
432,2017-09-27,734000.0,-19000.0,750000.0,752000.0,734000.0,92054.0,-2.588555858310627
433,2017-09-28,733000.0,-1000.0,730000.0,745000.0,730000.0,108761.0,-0.1364256480218281
434,2017-09-29,745000.0,12000.0,733000.0,749000.0,733000.0,52799.0,1.6107382550335572
435,2017-10-10,756000.0,11000.0,747000.0,770000.0,744000.0,164559.0,1.455026455026455
436,2017-10-11,751000.0,-5000.0,751000.0,755000.0,746000.0,59229.0,-0.6657789613848202
437,2017-10-12,768000.0,17000.0,751000.0,772000.0,751000.0,114527.0,2.213541666666667
438,2017-10-13,762000.0,-6000.0,768000.0,768000.0,758000.0,73043.0,-0.7874015748031495
439,2017-10-16,762000.0,0.0,764000.0,767000.0,759000.0,65306.0,0.0
440,2017-10-17,768000.0,6000.0,767000.0,772000.0,764000.0,92894.0,0.78125
441,2017-10-18,815000.0,47000.0,768000.0,817000.0,768000.0,219631.0,5.766871165644172
442,2017-10-19,811000.0,-4000.0,818000.0,826000.0,805000.0,179233.0,-0.4932182490752158
443,2017-10-20,801000.0,-10000.0,818000.0,823000.0,792000.0,103091.0,-1.2484394506866416
444,2017-10-23,799000.0,-2000.0,806000.0,812000.0,793000.0,64870.0,-0.2503128911138924
445,2017-10-24,801000.0,2000.0,797000.0,810000.0,795000.0,55457.0,0.24968789013732834
446,2017-10-25,804000.0,3000.0,800000.0,811000.0,795000.0,93258.0,0.3731343283582089
447,2017-10-26,840000.0,36000.0,844000.0,854000.0,830000.0,342341.0,4.285714285714286
448,2017-10-27,879000.0,39000.0,860000.0,879000.0,860000.0,236645.0,4.436860068259386
449,2017-10-30,876000.0,-3000.0,887000.0,899000.0,870000.0,105718.0,-0.3424657534246575
450,2017-10-31,894000.0,18000.0,875000.0,896000.0,868000.0,131019.0,2.013422818791946
451,2017-11-01,860000.0,-34000.0,870000.0,879000.0,853000.0,232078.0,-3.953488372093023
452,2017-11-02,856000.0,-4000.0,860000.0,873000.0,855000.0,70554.0,-0.46728971962616817
453,2017-11-03,863000.0,7000.0,852000.0,868000.0,850000.0,62974.0,0.8111239860950173
454,2017-11-06,861000.0,-2000.0,860000.0,874000.0,855000.0,64415.0,-0.23228803716608595
455,2017-11-07,860000.0,-1000.0,872000.0,872000.0,850000.0,84428.0,-0.11627906976744186
456,2017-11-08,849000.0,-11000.0,854000.0,856000.0,842000.0,102691.0,-1.2956419316843346
457,2017-11-09,825000.0,-24000.0,843000.0,844000.0,824000.0,176602.0,-2.909090909090909
458,2017-11-10,814000.0,-11000.0,822000.0,830000.0,807000.0,157249.0,-1.3513513513513513
459,2017-11-13,819000.0,5000.0,811000.0,824000.0,807000.0,94173.0,0.6105006105006106
460,2017-11-14,805000.0,-14000.0,822000.0,822000.0,802000.0,118432.0,-1.7391304347826086
461,2017-11-15,805000.0,0.0,805000.0,808000.0,792000.0,91183.0,0.0
462,2017-11-16,802000.0,-3000.0,805000.0,808000.0,798000.0,86510.0,-0.3740648379052369
463,2017-11-17,805000.0,3000.0,807000.0,822000.0,802000.0,145275.0,0.37267080745341613
464,2017-11-20,801000.0,-4000.0,808000.0,809000.0,796000.0,85893.0,-0.4993757802746567
465,2017-11-21,808000.0,7000.0,802000.0,810000.0,798000.0,79682.0,0.8663366336633664
466,2017-11-22,801000.0,-7000.0,814000.0,815000.0,798000.0,95432.0,-0.8739076154806492
467,2017-11-23,801000.0,0.0,805000.0,807000.0,794000.0,67619.0,0.0
468,2017-11-24,810000.0,9000.0,800000.0,812000.0,797000.0,68255.0,1.1111111111111112
469,2017-11-27,795000.0,-15000.0,808000.0,809000.0,788000.0,117386.0,-1.8867924528301887
470,2017-11-28,807000.0,12000.0,799000.0,811000.0,796000.0,95372.0,1.486988847583643
471,2017-11-29,812000.0,5000.0,805000.0,814000.0,802000.0,91818.0,0.6157635467980296
472,2017-11-30,800000.0,-12000.0,811000.0,811000.0,800000.0,157332.0,-1.5
473,2017-12-01,831000.0,31000.0,809000.0,833000.0,801000.0,153285.0,3.730445246690734
474,2017-12-04,839000.0,8000.0,837000.0,848000.0,828000.0,136027.0,0.9535160905840285
475,2017-12-05,833000.0,-6000.0,840000.0,843000.0,831000.0,64004.0,-0.7202881152460985
476,2017-12-06,826000.0,-7000.0,833000.0,834000.0,824000.0,69199.0,-0.847457627118644
477,2017-12-07,837000.0,11000.0,834000.0,848000.0,829000.0,155000.0,1.3142174432497014
478,2017-12-08,830000.0,-7000.0,835000.0,838000.0,821000.0,58893.0,-0.8433734939759037
479,2017-12-11,826000.0,-4000.0,830000.0,835000.0,820000.0,57600.0,-0.48426150121065376
480,2017-12-12,828000.0,2000.0,822000.0,845000.0,822000.0,73019.0,0.24154589371980675
481,2017-12-13,841000.0,13000.0,829000.0,842000.0,824000.0,71600.0,1.5457788347205708
482,2017-12-14,835000.0,-6000.0,842000.0,849000.0,835000.0,143097.0,-0.718562874251497
483,2017-12-15,844000.0,9000.0,841000.0,844000.0,837000.0,91136.0,1.066350710900474
484,2017-12-18,860000.0,16000.0,844000.0,865000.0,840000.0,118097.0,1.8604651162790697
485,2017-12-19,855000.0,-5000.0,863000.0,870000.0,850000.0,79667.0,-0.5847953216374269
486,2017-12-20,849000.0,-6000.0,859000.0,868000.0,849000.0,68341.0,-0.7067137809187279
487,2017-12-21,842000.0,-7000.0,849000.0,853000.0,834000.0,82697.0,-0.831353919239905
488,2017-12-22,862000.0,20000.0,850000.0,864000.0,843000.0,87458.0,2.320185614849188
489,2017-12-26,874000.0,12000.0,865000.0,880000.0,859000.0,103805.0,1.3729977116704806
490,2017-12-27,877000.0,3000.0,872000.0,878000.0,866000.0,57356.0,0.34207525655644244
491,2017-12-28,870000.0,-7000.0,880000.0,881000.0,860000.0,65370.0,-0.8045977011494253
492,2018-01-02,885000.0,15000.0,871000.0,885000.0,870000.0,93587.0,1.694915254237288
493,2018-01-03,871000.0,-14000.0,876000.0,884000.0,864000.0,84790.0,-1.6073478760045925
494,2018-01-04,893000.0,22000.0,879000.0,897000.0,873000.0,130112.0,2.463605823068309
495,2018-01-05,908000.0,15000.0,893000.0,918000.0,880000.0,136811.0,1.6519823788546255
496,2018-01-08,950000.0,42000.0,915000.0,953000.0,908000.0,196338.0,4.421052631578947
497,2018-01-09,944000.0,-6000.0,944000.0,952000.0,933000.0,78027.0,-0.6355932203389831
498,2018-01-10,928000.0,-16000.0,943000.0,975000.0,927000.0,120097.0,-1.7241379310344827
499,2018-01-11,917000.0,-11000.0,928000.0,934000.0,909000.0,93854.0,-1.1995637949836424
500,2018-01-12,909000.0,-8000.0,920000.0,930000.0,901000.0,89414.0,-0.88008800880088
501,2018-01-15,921000.0,12000.0,917000.0,925000.0,911000.0,59200.0,1.3029315960912053
502,2018-01-16,903000.0,-18000.0,919000.0,924000.0,893000.0,95302.0,-1.9933554817275747
503,2018-01-17,888000.0,-15000.0,903000.0,906000.0,888000.0,107026.0,-1.6891891891891893
504,2018-01-18,903000.0,15000.0,893000.0,906000.0,893000.0,90308.0,1.6611295681063125
505,2018-01-19,881000.0,-22000.0,905000.0,907000.0,880000.0,100565.0,-2.4971623155505105
506,2018-01-22,893000.0,12000.0,884000.0,893000.0,882000.0,75543.0,1.3437849944008957
507,2018-01-23,889000.0,-4000.0,899000.0,899000.0,884000.0,80475.0,-0.44994375703037126
508,2018-01-24,878000.0,-11000.0,889000.0,889000.0,870000.0,118121.0,-1.2528473804100226
509,2018-01-25,913000.0,35000.0,878000.0,922000.0,867000.0,169190.0,3.8335158817086525
510,2018-01-26,927000.0,14000.0,913000.0,929000.0,910000.0,111369.0,1.5102481121898599
511,2018-01-29,932000.0,5000.0,923000.0,948000.0,922000.0,102916.0,0.5364806866952789
512,2018-01-30,931000.0,-1000.0,928000.0,950000.0,923000.0,102118.0,-0.10741138560687433
513,2018-01-31,910000.0,-21000.0,933000.0,945000.0,910000.0,125184.0,-2.307692307692308
514,2018-02-01,923000.0,13000.0,910000.0,932000.0,909000.0,80607.0,1.4084507042253522
515,2018-02-02,905000.0,-18000.0,930000.0,932000.0,902000.0,82151.0,-1.9889502762430937
516,2018-02-05,879000.0,-26000.0,905000.0,905000.0,877000.0,96967.0,-2.9579067121729237
517,2018-02-06,851000.0,-28000.0,864000.0,878000.0,838000.0,154539.0,-3.290246768507638
518,2018-02-07,843000.0,-8000.0,870000.0,872000.0,840000.0,95763.0,-0.9489916963226572
519,2018-02-08,843000.0,0.0,860000.0,860000.0,842000.0,102950.0,0.0
520,2018-02-09,808000.0,-35000.0,817000.0,830000.0,806000.0,158070.0,-4.3316831683168315
521,2018-02-12,800000.0,-8000.0,817000.0,817000.0,798000.0,190743.0,-1.0
522,2018-02-13,805000.0,5000.0,813000.0,822000.0,803000.0,137025.0,0.6211180124223602
523,2018-02-14,811000.0,6000.0,812000.0,819000.0,808000.0,74164.0,0.7398273736128237
524,2018-02-19,820000.0,9000.0,830000.0,830000.0,815000.0,83337.0,1.097560975609756
525,2018-02-20,807000.0,-13000.0,818000.0,818000.0,804000.0,67201.0,-1.6109045848822798
526,2018-02-21,833000.0,26000.0,810000.0,836000.0,809000.0,141568.0,3.12124849939976
527,2018-02-22,827000.0,-6000.0,831000.0,837000.0,819000.0,72242.0,-0.7255139056831923
528,2018-02-23,829000.0,2000.0,831000.0,842000.0,820000.0,70864.0,0.24125452352231602
529,2018-02-26,810000.0,-19000.0,834000.0,834000.0,808000.0,127128.0,-2.345679012345679
530,2018-02-27,804000.0,-6000.0,810000.0,813000.0,801000.0,142978.0,-0.7462686567164178
531,2018-02-28,803000.0,-1000.0,808000.0,818000.0,802000.0,390265.0,-0.12453300124533001
532,2018-03-02,786000.0,-17000.0,794000.0,800000.0,772000.0,217305.0,-2.1628498727735366
533,2018-03-05,779000.0,-7000.0,786000.0,790000.0,779000.0,79122.0,-0.8985879332477535
534,2018-03-06,796000.0,17000.0,786000.0,800000.0,782000.0,78012.0,2.135678391959799
535,2018-03-07,795000.0,-1000.0,804000.0,805000.0,791000.0,72110.0,-0.12578616352201258
536,2018-03-08,799000.0,4000.0,798000.0,799000.0,791000.0,79218.0,0.5006257822277848
537,2018-03-09,802000.0,3000.0,803000.0,814000.0,797000.0,85805.0,0.3740648379052369
538,2018-03-12,806000.0,4000.0,808000.0,815000.0,804000.0,69011.0,0.49627791563275436
539,2018-03-13,820000.0,14000.0,806000.0,826000.0,803000.0,121223.0,1.707317073170732
540,2018-03-14,809000.0,-11000.0,813000.0,814000.0,801000.0,75328.0,-1.3597033374536465
541,2018-03-15,820000.0,11000.0,813000.0,824000.0,807000.0,68305.0,1.3414634146341464
542,2018-03-16,801000.0,-19000.0,816000.0,817000.0,797000.0,143598.0,-2.3720349563046192
543,2018-03-19,785000.0,-16000.0,801000.0,802000.0,782000.0,120014.0,-2.038216560509554
544,2018-03-20,795000.0,10000.0,777000.0,796000.0,774000.0,88391.0,1.257861635220126
545,2018-03-21,794000.0,-1000.0,795000.0,798000.0,792000.0,84913.0,-0.12594458438287154
546,2018-03-22,803000.0,9000.0,799000.0,805000.0,798000.0,67346.0,1.1207970112079702
547,2018-03-23,783000.0,-20000.0,788000.0,792000.0,780000.0,97868.0,-2.554278416347382
548,2018-03-26,789000.0,6000.0,778000.0,790000.0,777000.0,55239.0,0.7604562737642585
549,2018-03-27,789000.0,0.0,800000.0,800000.0,786000.0,56632.0,0.0
550,2018-03-28,784000.0,-5000.0,787000.0,793000.0,777000.0,52460.0,-0.6377551020408163
551,2018-03-29,786000.0,2000.0,784000.0,790000.0,778000.0,67560.0,0.2544529262086514
552,2018-03-30,792000.0,6000.0,794000.0,799000.0,786000.0,57761.0,0.7575757575757576
553,2018-04-02,785000.0,-7000.0,783000.0,792000.0,782000.0,79620.0,-0.89171974522293
554,2018-04-03,785000.0,0.0,798000.0,799000.0,780000.0,68203.0,0.0
555,2018-04-04,754000.0,-31000.0,782000.0,786000.0,747000.0,165929.0,-4.111405835543767
556,2018-04-05,779000.0,25000.0,764000.0,779000.0,762000.0,94462.0,3.209242618741977
557,2018-04-06,770000.0,-9000.0,776000.0,782000.0,766000.0,76814.0,-1.1688311688311688
558,2018-04-09,774000.0,4000.0,769000.0,774000.0,764000.0,58079.0,0.516795865633075
559,2018-04-10,775000.0,1000.0,771000.0,783000.0,769000.0,79128.0,0.12903225806451613
560,2018-04-11,771000.0,-4000.0,772000.0,781000.0,769000.0,61650.0,-0.5188067444876783
561,2018-04-12,757000.0,-14000.0,769000.0,771000.0,755000.0,111805.0,-1.8494055482166447
562,2018-04-13,764000.0,7000.0,758000.0,766000.0,753000.0,68271.0,0.9162303664921465
563,2018-04-16,751000.0,-13000.0,765000.0,765000.0,750000.0,78420.0,-1.7310252996005324
564,2018-04-17,748000.0,-3000.0,754000.0,758000.0,745000.0,88425.0,-0.4010695187165776
565,2018-04-18,752000.0,4000.0,751000.0,758000.0,750000.0,83269.0,0.5319148936170213
566,2018-04-19,738000.0,-14000.0,742000.0,748000.0,734000.0,124519.0,-1.8970189701897018
567,2018-04-20,728000.0,-10000.0,738000.0,745000.0,726000.0,95897.0,-1.3736263736263736
568,2018-04-23,735000.0,7000.0,727000.0,738000.0,727000.0,62432.0,0.9523809523809524
569,2018-04-24,725000.0,-10000.0,735000.0,735000.0,722000.0,99598.0,-1.3793103448275863
570,2018-04-25,743000.0,18000.0,726000.0,751000.0,724000.0,123783.0,2.4226110363391657
571,2018-04-26,725000.0,-18000.0,732000.0,746000.0,725000.0,214225.0,-2.4827586206896552
572,2018-04-27,716000.0,-9000.0,725000.0,727000.0,712000.0,209837.0,-1.2569832402234637
573,2018-04-30,716000.0,0.0,721000.0,721000.0,712000.0,79731.0,0.0
574,2018-05-02,738000.0,22000.0,726000.0,739000.0,724000.0,101865.0,2.9810298102981028
575,2018-05-03,727000.0,-11000.0,739000.0,745000.0,726000.0,63328.0,-1.5130674002751032
576,2018-05-04,717000.0,-10000.0,725000.0,735000.0,717000.0,102357.0,-1.394700139470014
577,2018-05-08,731000.0,14000.0,727000.0,738000.0,721000.0,97455.0,1.915184678522572
578,2018-05-09,727000.0,-4000.0,730000.0,740000.0,723000.0,95131.0,-0.5502063273727648
579,2018-05-10,720000.0,-7000.0,730000.0,735000.0,718000.0,83361.0,-0.9722222222222222
580,2018-05-11,717000.0,-3000.0,721000.0,729000.0,714000.0,109545.0,-0.41841004184100417
581,2018-05-14,717000.0,0.0,720000.0,722000.0,714000.0,57749.0,0.0
582,2018-05-15,711000.0,-6000.0,714000.0,718000.0,711000.0,79945.0,-0.8438818565400843
583,2018-05-16,700000.0,-11000.0,712000.0,715000.0,698000.0,124013.0,-1.5714285714285716
584,2018-05-17,697000.0,-3000.0,700000.0,703000.0,697000.0,92363.0,-0.430416068866571
585,2018-05-18,688000.0,-9000.0,697000.0,700000.0,684000.0,113041.0,-1.308139534883721
586,2018-05-21,682000.0,-6000.0,686000.0,690000.0,676000.0,101118.0,-0.8797653958944283
587,2018-05-23,684000.0,2000.0,680000.0,688000.0,677000.0,86056.0,0.29239766081871343
588,2018-05-24,680000.0,-4000.0,682000.0,685000.0,678000.0,44487.0,-0.5882352941176471
589,2018-05-25,685000.0,5000.0,685000.0,694000.0,682000.0,75755.0,0.7299270072992701
590,2018-05-28,680000.0,-5000.0,685000.0,687000.0,679000.0,54086.0,-0.7352941176470588
591,2018-05-29,668000.0,-12000.0,679000.0,680000.0,667000.0,93537.0,-1.7964071856287425
592,2018-05-30,652000.0,-16000.0,667000.0,670000.0,648000.0,133965.0,-2.4539877300613497
593,2018-05-31,669000.0,17000.0,660000.0,671000.0,654000.0,210193.0,2.5411061285500747
594,2018-06-01,680000.0,11000.0,674000.0,686000.0,672000.0,91461.0,1.6176470588235297
595,2018-06-04,673000.0,-7000.0,681000.0,687000.0,671000.0,81871.0,-1.040118870728083
596,2018-06-05,674000.0,1000.0,678000.0,680000.0,664000.0,67152.0,0.1483679525222552
597,2018-06-07,680000.0,6000.0,675000.0,682000.0,674000.0,78181.0,0.8823529411764706
598,2018-06-08,701000.0,21000.0,680000.0,708000.0,680000.0,188291.0,2.9957203994293864
599,2018-06-11,711000.0,10000.0,701000.0,712000.0,695000.0,137850.0,1.4064697609001406
600,2018-06-12,717000.0,6000.0,712000.0,719000.0,704000.0,124267.0,0.8368200836820083
601,2018-06-14,707000.0,-10000.0,719000.0,725000.0,705000.0,158911.0,-1.4144271570014144
602,2018-06-15,690000.0,-17000.0,705000.0,706000.0,687000.0,140302.0,-2.4637681159420293
603,2018-06-18,694000.0,4000.0,690000.0,695000.0,686000.0,105859.0,0.5763688760806917
604,2018-06-19,688000.0,-6000.0,690000.0,694000.0,688000.0,110322.0,-0.872093023255814
605,2018-06-20,689000.0,1000.0,689000.0,692000.0,687000.0,106479.0,0.14513788098693758
606,2018-06-21,699000.0,10000.0,685000.0,703000.0,684000.0,117882.0,1.4306151645207439
607,2018-06-22,723000.0,24000.0,690000.0,724000.0,690000.0,160314.0,3.319502074688797
608,2018-06-25,748000.0,25000.0,728000.0,750000.0,727000.0,255266.0,3.342245989304813
609,2018-06-26,735000.0,-13000.0,742000.0,746000.0,730000.0,107528.0,-1.7687074829931975
610,2018-06-27,739000.0,4000.0,747000.0,748000.0,739000.0,87276.0,0.5412719891745602
611,2018-06-28,747000.0,8000.0,738000.0,751000.0,726000.0,136537.0,1.07095046854083
612,2018-06-29,763000.0,16000.0,750000.0,764000.0,748000.0,155915.0,2.0969855832241153
613,2018-07-02,751000.0,-12000.0,765000.0,765000.0,745000.0,107918.0,-1.5978695073235687
614,2018-07-03,747000.0,-4000.0,759000.0,763000.0,743000.0,86305.0,-0.535475234270415
615,2018-07-04,768000.0,21000.0,769000.0,779000.0,760000.0,179939.0,2.734375
616,2018-07-05,765000.0,-3000.0,756000.0,769000.0,756000.0,57319.0,-0.39215686274509803
617,2018-07-06,749000.0,-16000.0,755000.0,758000.0,746000.0,81867.0,-2.1361815754339117
618,2018-07-09,755000.0,6000.0,749000.0,779000.0,748000.0,94376.0,0.7947019867549668
619,2018-07-10,760000.0,5000.0,757000.0,768000.0,756000.0,75129.0,0.6578947368421052
620,2018-07-11,769000.0,9000.0,763000.0,771000.0,757000.0,86885.0,1.1703511053315996
621,2018-07-12,782000.0,13000.0,775000.0,782000.0,764000.0,95967.0,1.6624040920716114
622,2018-07-13,771000.0,-11000.0,780000.0,782000.0,765000.0,75970.0,-1.4267185473411155
623,2018-07-16,771000.0,0.0,771000.0,773000.0,767000.0,57725.0,0.0
624,2018-07-17,759000.0,-12000.0,769000.0,769000.0,755000.0,52977.0,-1.5810276679841897
625,2018-07-18,764000.0,5000.0,762000.0,771000.0,759000.0,31762.0,0.6544502617801047
626,2018-07-19,765000.0,1000.0,772000.0,780000.0,763000.0,50422.0,0.130718954248366
627,2018-07-20,770000.0,5000.0,765000.0,772000.0,755000.0,50449.0,0.6493506493506493
628,2018-07-23,774000.0,4000.0,771000.0,777000.0,765000.0,81430.0,0.516795865633075
629,2018-07-24,745000.0,-29000.0,775000.0,776000.0,742000.0,84503.0,-3.8926174496644297
630,2018-07-25,746000.0,1000.0,759000.0,759000.0,742000.0,94581.0,0.13404825737265416
631,2018-07-26,751000.0,5000.0,752000.0,761000.0,716000.0,224252.0,0.6657789613848202
632,2018-07-27,751000.0,0.0,735000.0,751000.0,733000.0,113819.0,0.0
633,2018-07-30,730000.0,-21000.0,747000.0,748000.0,726000.0,108666.0,-2.8767123287671232
634,2018-07-31,716000.0,-14000.0,726000.0,728000.0,712000.0,123684.0,-1.9553072625698324
635,2018-08-01,728000.0,12000.0,718000.0,728000.0,715000.0,102959.0,1.6483516483516485
636,2018-08-02,728000.0,0.0,728000.0,738000.0,721000.0,80977.0,0.0
637,2018-08-03,731000.0,3000.0,723000.0,731000.0,721000.0,106877.0,0.4103967168262654
638,2018-08-06,735000.0,4000.0,733000.0,748000.0,731000.0,60607.0,0.5442176870748299
639,2018-08-07,744000.0,9000.0,742000.0,754000.0,736000.0,64837.0,1.2096774193548387
640,2018-08-08,750000.0,6000.0,742000.0,756000.0,742000.0,62482.0,0.8
641,2018-08-09,779000.0,29000.0,753000.0,779000.0,745000.0,133034.0,3.7227214377406934
642,2018-08-10,771000.0,-8000.0,777000.0,782000.0,770000.0,69084.0,-1.0376134889753565
643,2018-08-13,755000.0,-16000.0,767000.0,767000.0,750000.0,83668.0,-2.119205298013245
644,2018-08-14,757000.0,2000.0,760000.0,767000.0,754000.0,61603.0,0.26420079260237783
645,2018-08-16,750000.0,-7000.0,750000.0,763000.0,745000.0,114099.0,-0.9333333333333335
646,2018-08-17,755000.0,5000.0,754000.0,768000.0,748000.0,38780.0,0.6622516556291391
647,2018-08-20,755000.0,0.0,764000.0,766000.0,753000.0,38936.0,0.0
648,2018-08-21,747000.0,-8000.0,754000.0,761000.0,747000.0,48321.0,-1.07095046854083
649,2018-08-22,747000.0,0.0,747000.0,748000.0,741000.0,47935.0,0.0
650,2018-08-23,772000.0,25000.0,755000.0,773000.0,752000.0,99084.0,3.2383419689119166
651,2018-08-24,758000.0,-14000.0,771000.0,779000.0,755000.0,54260.0,-1.8469656992084433
652,2018-08-27,769000.0,11000.0,763000.0,775000.0,760000.0,44748.0,1.4304291287386215
653,2018-08-28,756000.0,-13000.0,772000.0,772000.0,753000.0,46667.0,-1.7195767195767195
654,2018-08-29,748000.0,-8000.0,756000.0,760000.0,748000.0,54950.0,-1.06951871657754
655,2018-08-30,746000.0,-2000.0,748000.0,757000.0,745000.0,47795.0,-0.2680965147453083
656,2018-08-31,752000.0,6000.0,747000.0,756000.0,746000.0,57953.0,0.7978723404255319
657,2018-09-03,754000.0,2000.0,753000.0,755000.0,747000.0,31207.0,0.2652519893899204
658,2018-09-04,755000.0,1000.0,757000.0,757000.0,749000.0,37456.0,0.13245033112582782
659,2018-09-05,736000.0,-19000.0,753000.0,753000.0,727000.0,118285.0,-2.5815217391304346
660,2018-09-06,730000.0,-6000.0,736000.0,740000.0,727000.0,70491.0,-0.821917808219178
661,2018-09-07,732000.0,2000.0,732000.0,735000.0,722000.0,64573.0,0.273224043715847
662,2018-09-10,725000.0,-7000.0,720000.0,732000.0,720000.0,71966.0,-0.9655172413793104
663,2018-09-11,726000.0,1000.0,723000.0,731000.0,722000.0,58594.0,0.13774104683195593
664,2018-09-12,730000.0,4000.0,730000.0,734000.0,726000.0,58216.0,0.547945205479452
665,2018-09-13,723000.0,-7000.0,735000.0,735000.0,723000.0,102811.0,-0.9681881051175657
666,2018-09-14,730000.0,7000.0,726000.0,733000.0,724000.0,73168.0,0.9589041095890412
667,2018-09-17,728000.0,-2000.0,725000.0,731000.0,723000.0,53951.0,-0.27472527472527475
668,2018-09-18,725000.0,-3000.0,720000.0,729000.0,720000.0,55452.0,-0.41379310344827586
669,2018-09-19,731000.0,6000.0,726000.0,734000.0,725000.0,55286.0,0.8207934336525308
670,2018-09-20,731000.0,0.0,722000.0,734000.0,722000.0,57439.0,0.0
671,2018-09-21,725000.0,-6000.0,741000.0,743000.0,723000.0,75131.0,-0.8275862068965517
672,2018-09-27,713000.0,-12000.0,715000.0,730000.0,712000.0,78015.0,-1.6830294530154277
673,2018-09-28,716000.0,3000.0,717000.0,719000.0,713000.0,97465.0,0.41899441340782123
674,2018-10-01,713000.0,-3000.0,718000.0,722000.0,711000.0,42217.0,-0.42075736325385693
675,2018-10-02,689000.0,-24000.0,715000.0,715000.0,686000.0,148984.0,-3.483309143686502
676,2018-10-04,695000.0,6000.0,700000.0,702000.0,685000.0,70697.0,0.8633093525179856
677,2018-10-05,704000.0,9000.0,682000.0,716000.0,682000.0,85596.0,1.278409090909091
678,2018-10-08,704000.0,0.0,0.0,0.0,0.0,0.0,0.0
679,2018-10-10,704000.0,0.0,0.0,0.0,0.0,0.0,0.0
680,2018-10-11,704000.0,0.0,0.0,0.0,0.0,0.0,0.0
681,2018-10-12,142000.0,-562000.0,138000.0,142000.0,132500.0,654013.0,-395.77464788732397
682,2018-10-15,136000.0,-6000.0,138500.0,139000.0,135000.0,642772.0,-4.411764705882353
683,2018-10-16,133500.0,-2500.0,137500.0,138500.0,130000.0,575704.0,-1.8726591760299627
684,2018-10-17,130000.0,-3500.0,132500.0,134500.0,129500.0,5304519.0,-2.6923076923076925
685,2018-10-18,125000.0,-5000.0,128000.0,128000.0,123500.0,880738.0,-4.0
686,2018-10-19,127500.0,2500.0,124500.0,127500.0,124000.0,1114452.0,1.9607843137254901
687,2018-10-22,129000.0,1500.0,127500.0,130000.0,125500.0,324730.0,1.1627906976744187
688,2018-10-23,125500.0,-3500.0,129000.0,130000.0,123500.0,822259.0,-2.788844621513944
689,2018-10-24,127000.0,1500.0,127500.0,129000.0,124500.0,679196.0,1.1811023622047243
690,2018-10-25,119000.0,-8000.0,120500.0,121000.0,114000.0,1529110.0,-6.722689075630252
691,2018-10-26,113000.0,-6000.0,119000.0,119000.0,110000.0,1544405.0,-5.3097345132743365
692,2018-10-29,109500.0,-3500.0,112500.0,113500.0,109000.0,649910.0,-3.1963470319634704
693,2018-10-30,110500.0,1000.0,108000.0,112000.0,104000.0,939865.0,0.904977375565611
694,2018-10-31,114500.0,4000.0,110500.0,115000.0,108500.0,1016429.0,3.4934497816593884
695,2018-11-01,111500.0,-3000.0,113500.0,116500.0,110500.0,805655.0,-2.690582959641256
696,2018-11-02,116500.0,5000.0,111500.0,118500.0,111500.0,1320415.0,4.291845493562231
697,2018-11-05,113500.0,-3000.0,115000.0,115500.0,111500.0,442640.0,-2.643171806167401
698,2018-11-06,117000.0,3500.0,114000.0,117500.0,113500.0,453810.0,2.9914529914529915
699,2018-11-07,115500.0,-1500.0,117500.0,119000.0,113500.0,385827.0,-1.2987012987012987
700,2018-11-08,116500.0,1000.0,118000.0,120000.0,115500.0,404191.0,0.8583690987124464
701,2018-11-09,115000.0,-1500.0,115000.0,118000.0,115000.0,295733.0,-1.3043478260869565
702,2018-11-12,115000.0,0.0,114500.0,116500.0,114500.0,260849.0,0.0
703,2018-11-13,116000.0,1000.0,115500.0,117500.0,114000.0,435937.0,0.8620689655172413
704,2018-11-14,115500.0,-500.0,115500.0,116500.0,114000.0,335405.0,-0.4329004329004329
705,2018-11-15,112500.0,-3000.0,116000.0,116500.0,111500.0,576671.0,-2.666666666666667
706,2018-11-16,112500.0,0.0,113500.0,114500.0,111500.0,872059.0,0.0
707,2018-11-19,111500.0,-1000.0,113000.0,114000.0,110500.0,697289.0,-0.8968609865470852
708,2018-11-20,108000.0,-3500.0,110000.0,112000.0,107000.0,693868.0,-3.2407407407407405
709,2018-11-21,106500.0,-1500.0,105500.0,107000.0,104500.0,525328.0,-1.4084507042253522
710,2018-11-22,109500.0,3000.0,107000.0,111500.0,107000.0,504744.0,2.73972602739726
711,2018-11-23,114000.0,4500.0,110000.0,115500.0,109500.0,691736.0,3.9473684210526314
712,2018-11-26,124000.0,10000.0,115000.0,124500.0,114500.0,805023.0,8.064516129032258
713,2018-11-27,125000.0,1000.0,124000.0,129500.0,122500.0,637199.0,0.8
714,2018-11-28,129000.0,4000.0,128500.0,130500.0,126500.0,645902.0,3.10077519379845
715,2018-11-29,130500.0,1500.0,133000.0,134000.0,129000.0,559552.0,1.1494252873563218
716,2018-11-30,126500.0,-4000.0,131000.0,131000.0,126000.0,801837.0,-3.1620553359683794
717,2018-12-03,126000.0,-500.0,130500.0,130500.0,125000.0,486166.0,-0.3968253968253968
718,2018-12-04,123500.0,-2500.0,127500.0,127500.0,122500.0,512742.0,-2.0242914979757085
719,2018-12-05,125000.0,1500.0,124500.0,127000.0,123000.0,308805.0,1.2
720,2018-12-06,120000.0,-5000.0,123000.0,124000.0,119500.0,445309.0,-4.166666666666666
721,2018-12-07,121000.0,1000.0,121500.0,123500.0,119500.0,565663.0,0.8264462809917356
722,2018-12-10,119000.0,-2000.0,119000.0,121500.0,117500.0,376421.0,-1.680672268907563
723,2018-12-11,123000.0,4000.0,120000.0,123500.0,117500.0,506349.0,3.2520325203252036
724,2018-12-12,124500.0,1500.0,124000.0,126000.0,122500.0,490812.0,1.2048192771084338
725,2018-12-13,124000.0,-500.0,125500.0,125500.0,123000.0,972556.0,-0.4032258064516129
726,2018-12-14,123500.0,-500.0,123500.0,124000.0,121500.0,259268.0,-0.4048582995951417
727,2018-12-17,122000.0,-1500.0,124000.0,124000.0,120500.0,294847.0,-1.2295081967213115
728,2018-12-18,122000.0,0.0,120500.0,124000.0,120000.0,342972.0,0.0
729,2018-12-19,127500.0,5500.0,123000.0,128500.0,122500.0,385472.0,4.313725490196078
730,2018-12-20,127000.0,-500.0,125500.0,128000.0,123500.0,364624.0,-0.39370078740157477
731,2018-12-21,121500.0,-5500.0,127000.0,127000.0,121000.0,507653.0,-4.526748971193416
732,2018-12-24,123000.0,1500.0,122000.0,124500.0,121000.0,278884.0,1.2195121951219512
733,2018-12-26,119000.0,-4000.0,121000.0,122000.0,117500.0,275517.0,-3.361344537815126
734,2018-12-27,122500.0,3500.0,120500.0,123000.0,118500.0,371637.0,2.857142857142857
735,2018-12-28,122000.0,-500.0,122500.0,123000.0,120500.0,322665.0,-0.4098360655737705
736,2019-01-02,118000.0,-4000.0,121000.0,122000.0,117000.0,356120.0,-3.389830508474576
737,2019-01-03,122000.0,4000.0,120000.0,125000.0,119000.0,525020.0,3.278688524590164
738,2019-01-04,125500.0,3500.0,123500.0,126000.0,122500.0,520785.0,2.788844621513944
739,2019-01-07,131500.0,6000.0,128000.0,132500.0,127000.0,502619.0,4.562737642585551
740,2019-01-08,130000.0,-1500.0,132000.0,134000.0,129000.0,376127.0,-1.153846153846154
741,2019-01-09,133000.0,3000.0,131000.0,134500.0,129500.0,381372.0,2.2556390977443606
742,2019-01-10,131000.0,-2000.0,132000.0,134500.0,130000.0,293112.0,-1.5267175572519083
743,2019-01-11,131000.0,0.0,133000.0,134500.0,130500.0,322925.0,0.0
744,2019-01-14,127000.0,-4000.0,130000.0,130500.0,125000.0,525411.0,-3.149606299212598
745,2019-01-15,132500.0,5500.0,127500.0,132500.0,127500.0,335999.0,4.150943396226415
746,2019-01-16,132500.0,0.0,132500.0,135000.0,131000.0,272719.0,0.0
747,2019-01-17,136000.0,3500.0,131500.0,138000.0,131500.0,407099.0,2.5735294117647056
748,2019-01-18,137500.0,1500.0,137000.0,138500.0,136500.0,328761.0,1.090909090909091
749,2019-01-21,131000.0,-6500.0,138000.0,138000.0,131000.0,457161.0,-4.961832061068702
750,2019-01-22,130000.0,-1000.0,128500.0,130500.0,126500.0,502285.0,-0.7692307692307693
751,2019-01-23,132500.0,2500.0,130000.0,134500.0,130000.0,259375.0,1.8867924528301887
752,2019-01-24,129500.0,-3000.0,131000.0,132500.0,127500.0,562335.0,-2.3166023166023164
753,2019-01-25,130000.0,500.0,127500.0,131000.0,127000.0,281650.0,0.38461538461538464
754,2019-01-28,132000.0,2000.0,129500.0,132500.0,129500.0,283360.0,1.5151515151515151
755,2019-01-29,136000.0,4000.0,130000.0,136500.0,130000.0,411369.0,2.941176470588235
756,2019-01-30,136000.0,0.0,139000.0,139500.0,133000.0,462280.0,0.0
757,2019-01-31,136000.0,0.0,138000.0,143500.0,136000.0,1054276.0,0.0
758,2019-02-01,133500.0,-2500.0,138000.0,140000.0,133000.0,530284.0,-1.8726591760299627
759,2019-02-07,129000.0,-4500.0,132000.0,134000.0,128500.0,737938.0,-3.488372093023256
760,2019-02-08,126000.0,-3000.0,126500.0,129000.0,124500.0,704393.0,-2.380952380952381
761,2019-02-11,125500.0,-500.0,127000.0,128500.0,125000.0,801465.0,-0.398406374501992
762,2019-02-12,123500.0,-2000.0,123500.0,124000.0,121500.0,1160217.0,-1.6194331983805668
763,2019-02-13,125000.0,1500.0,123500.0,126500.0,123500.0,373571.0,1.2
764,2019-02-14,127500.0,2500.0,125000.0,130500.0,125000.0,700427.0,1.9607843137254901
765,2019-02-15,127500.0,0.0,128500.0,131000.0,127500.0,420100.0,0.0
766,2019-02-18,127000.0,-500.0,129500.0,131000.0,125500.0,533191.0,-0.39370078740157477
767,2019-02-19,126500.0,-500.0,127000.0,128000.0,125500.0,218351.0,-0.3952569169960474
768,2019-02-20,127000.0,500.0,126500.0,128000.0,125500.0,231753.0,0.39370078740157477
769,2019-02-21,129000.0,2000.0,126500.0,130000.0,126500.0,347083.0,1.550387596899225
770,2019-02-22,127000.0,-2000.0,129500.0,129500.0,125000.0,301395.0,-1.574803149606299
771,2019-02-25,126000.0,-1000.0,127000.0,128500.0,125500.0,338113.0,-0.7936507936507936
772,2019-02-26,131500.0,5500.0,126500.0,134000.0,126000.0,591643.0,4.182509505703422
773,2019-02-27,129500.0,-2000.0,132000.0,134000.0,129000.0,322664.0,-1.5444015444015444
774,2019-02-28,133000.0,3500.0,130500.0,136000.0,130000.0,584183.0,2.631578947368421
775,2019-03-04,138000.0,5000.0,135000.0,139500.0,134000.0,743644.0,3.6231884057971016
776,2019-03-05,135500.0,-2500.0,140000.0,140000.0,135000.0,387063.0,-1.8450184501845017
777,2019-03-06,137500.0,2000.0,136500.0,139000.0,134500.0,403724.0,1.4545454545454546
778,2019-03-07,138500.0,1000.0,139500.0,139500.0,136500.0,254573.0,0.7220216606498195
779,2019-03-08,133000.0,-5500.0,135500.0,136000.0,131500.0,304114.0,-4.135338345864661
780,2019-03-11,133500.0,500.0,131500.0,133500.0,131000.0,151479.0,0.37453183520599254
781,2019-03-12,130500.0,-3000.0,135000.0,135500.0,129500.0,367651.0,-2.2988505747126435
782,2019-03-13,130500.0,0.0,129500.0,132000.0,128000.0,268047.0,0.0
783,2019-03-14,131000.0,500.0,132500.0,133500.0,129000.0,554454.0,0.38167938931297707
784,2019-03-15,130500.0,-500.0,131000.0,132000.0,129500.0,907507.0,-0.38314176245210724
785,2019-03-18,132000.0,1500.0,131500.0,133500.0,131000.0,248810.0,1.1363636363636365
786,2019-03-19,130500.0,-1500.0,132000.0,132500.0,130000.0,200830.0,-1.1494252873563218
787,2019-03-20,128500.0,-2000.0,130000.0,131000.0,126500.0,371499.0,-1.556420233463035
788,2019-03-21,128000.0,-500.0,128500.0,131000.0,127000.0,399492.0,-0.390625
789,2019-03-22,127000.0,-1000.0,127000.0,129500.0,126000.0,379311.0,-0.7874015748031495
790,2019-03-25,126000.0,-1000.0,126000.0,128000.0,125000.0,279179.0,-0.7936507936507936
791,2019-03-26,126500.0,500.0,125500.0,127000.0,125000.0,452377.0,0.3952569169960474
792,2019-03-27,123000.0,-3500.0,126000.0,126000.0,122000.0,429156.0,-2.8455284552845526
793,2019-03-28,122000.0,-1000.0,122500.0,123000.0,120500.0,449545.0,-0.819672131147541
794,2019-03-29,124000.0,2000.0,121500.0,124500.0,121500.0,421477.0,1.6129032258064515
795,2019-04-01,124000.0,0.0,124000.0,125500.0,123500.0,367014.0,0.0
796,2019-04-02,124500.0,500.0,124500.0,125500.0,123500.0,471744.0,0.4016064257028112
797,2019-04-03,122000.0,-2500.0,123000.0,123500.0,121000.0,958364.0,-2.0491803278688523
798,2019-04-04,122500.0,500.0,122500.0,123500.0,121500.0,361821.0,0.40816326530612246
799,2019-04-05,123000.0,500.0,122500.0,123500.0,122000.0,365838.0,0.40650406504065045
800,2019-04-08,121500.0,-1500.0,122500.0,123000.0,121000.0,393376.0,-1.2345679012345678
801,2019-04-09,121500.0,0.0,121500.0,122500.0,121000.0,423498.0,0.0
802,2019-04-10,122000.0,500.0,121500.0,122500.0,121000.0,459206.0,0.4098360655737705
803,2019-04-11,121500.0,-500.0,121500.0,123000.0,121000.0,615217.0,-0.411522633744856
804,2019-04-12,119500.0,-2000.0,121500.0,122000.0,119500.0,953216.0,-1.6736401673640167
805,2019-04-15,119500.0,0.0,119000.0,120000.0,118000.0,596131.0,0.0
806,2019-04-16,119500.0,0.0,119500.0,120500.0,119000.0,973625.0,0.0
807,2019-04-17,119500.0,0.0,120000.0,120000.0,119000.0,639441.0,0.0
808,2019-04-18,118000.0,-1500.0,119000.0,120000.0,117000.0,776721.0,-1.2711864406779663
809,2019-04-19,118000.0,0.0,119000.0,119000.0,117500.0,247009.0,0.0
810,2019-04-22,118000.0,0.0,118000.0,119500.0,117500.0,531346.0,0.0
811,2019-04-23,120500.0,2500.0,119000.0,121000.0,119000.0,815629.0,2.0746887966804977
812,2019-04-24,121000.0,500.0,122000.0,122500.0,119500.0,906235.0,0.4132231404958678
813,2019-04-25,120500.0,-500.0,122000.0,122000.0,120000.0,720472.0,-0.4149377593360996
814,2019-04-26,118000.0,-2500.0,120000.0,120500.0,117500.0,544042.0,-2.11864406779661
815,2019-04-29,120000.0,2000.0,118500.0,120000.0,117000.0,429353.0,1.6666666666666667
816,2019-04-30,119500.0,-500.0,119000.0,120000.0,117500.0,569162.0,-0.41841004184100417
817,2019-05-02,122000.0,2500.0,119000.0,124000.0,118500.0,691901.0,2.0491803278688523
818,2019-05-03,124000.0,2000.0,122000.0,124500.0,121500.0,684993.0,1.6129032258064515
