,date,close_val,change_val,open_val,high_val,low_val,acc_quant
0,2015-12-24,647000.0,6000.0,649000.0,654000.0,646000.0,32816.0
1,2015-12-28,641000.0,6000.0,647000.0,650000.0,638000.0,47511.0
2,2015-12-29,642000.0,1000.0,649000.0,649000.0,631000.0,50648.0
3,2015-12-30,658000.0,16000.0,642000.0,668000.0,639000.0,64215.0
4,2016-01-04,632000.0,26000.0,650000.0,658000.0,632000.0,93272.0
5,2016-01-05,637000.0,5000.0,633000.0,642000.0,631000.0,69456.0
6,2016-01-06,623000.0,14000.0,645000.0,645000.0,622000.0,95682.0
7,2016-01-07,652000.0,29000.0,626000.0,660000.0,626000.0,125253.0
8,2016-01-08,652000.0,0.0,652000.0,659000.0,642000.0,63922.0
9,2016-01-11,628000.0,24000.0,645000.0,651000.0,626000.0,88620.0
10,2016-01-12,650000.0,22000.0,636000.0,654000.0,632000.0,78010.0
11,2016-01-13,649000.0,1000.0,656000.0,657000.0,643000.0,92220.0
12,2016-01-14,651000.0,2000.0,642000.0,659000.0,640000.0,85824.0
13,2016-01-15,670000.0,19000.0,662000.0,673000.0,658000.0,128415.0
14,2016-01-18,687000.0,17000.0,663000.0,687000.0,663000.0,140601.0
15,2016-01-19,670000.0,17000.0,683000.0,684000.0,664000.0,144586.0
16,2016-01-20,664000.0,6000.0,670000.0,673000.0,651000.0,95351.0
17,2016-01-21,639000.0,25000.0,656000.0,657000.0,631000.0,135186.0
18,2016-01-22,668000.0,29000.0,650000.0,668000.0,640000.0,91200.0
19,2016-01-25,673000.0,5000.0,668000.0,677000.0,657000.0,61255.0
20,2016-01-26,680000.0,7000.0,675000.0,681000.0,671000.0,56078.0
21,2016-01-27,674000.0,6000.0,687000.0,687000.0,666000.0,66471.0
22,2016-01-28,631000.0,43000.0,642000.0,650000.0,621000.0,277566.0
23,2016-01-29,628000.0,3000.0,627000.0,631000.0,605000.0,269400.0
24,2016-02-01,613000.0,15000.0,622000.0,629000.0,608000.0,144528.0
25,2016-02-02,600000.0,13000.0,611000.0,618000.0,592000.0,223453.0
26,2016-02-03,601000.0,1000.0,593000.0,606000.0,593000.0,94740.0
27,2016-02-04,602000.0,1000.0,606000.0,607000.0,594000.0,87070.0
28,2016-02-05,599000.0,3000.0,600000.0,605000.0,596000.0,55313.0
29,2016-02-11,563000.0,36000.0,589000.0,589000.0,563000.0,184341.0
30,2016-02-12,556000.0,7000.0,555000.0,566000.0,544000.0,198082.0
31,2016-02-15,556000.0,0.0,561000.0,567000.0,548000.0,146518.0
32,2016-02-16,575000.0,19000.0,553000.0,580000.0,553000.0,123943.0
33,2016-02-17,575000.0,0.0,578000.0,587000.0,574000.0,158463.0
34,2016-02-18,582000.0,7000.0,578000.0,588000.0,576000.0,83228.0
35,2016-02-19,573000.0,9000.0,579000.0,582000.0,568000.0,76728.0
36,2016-02-22,565000.0,8000.0,575000.0,581000.0,565000.0,86272.0
37,2016-02-23,584000.0,19000.0,569000.0,587000.0,568000.0,111857.0
38,2016-02-24,580000.0,4000.0,583000.0,584000.0,572000.0,71221.0
39,2016-02-25,582000.0,2000.0,581000.0,589000.0,578000.0,57095.0
40,2016-02-26,580000.0,2000.0,581000.0,586000.0,575000.0,45972.0
41,2016-02-29,572000.0,8000.0,580000.0,585000.0,570000.0,78709.0
42,2016-03-02,609000.0,37000.0,584000.0,612000.0,581000.0,119099.0
43,2016-03-03,610000.0,1000.0,615000.0,615000.0,602000.0,74873.0
44,2016-03-04,613000.0,3000.0,615000.0,621000.0,604000.0,66116.0
45,2016-03-07,599000.0,14000.0,615000.0,619000.0,599000.0,75885.0
46,2016-03-08,604000.0,5000.0,588000.0,612000.0,588000.0,49925.0
47,2016-03-09,608000.0,4000.0,601000.0,610000.0,600000.0,37660.0
48,2016-03-10,635000.0,27000.0,608000.0,644000.0,602000.0,136851.0
49,2016-03-11,636000.0,1000.0,638000.0,649000.0,631000.0,108114.0
50,2016-03-14,635000.0,1000.0,641000.0,642000.0,625000.0,52825.0
51,2016-03-15,641000.0,6000.0,635000.0,648000.0,632000.0,51664.0
52,2016-03-16,640000.0,1000.0,644000.0,647000.0,635000.0,41993.0
53,2016-03-17,636000.0,4000.0,649000.0,649000.0,630000.0,79516.0
54,2016-03-18,639000.0,3000.0,633000.0,642000.0,630000.0,59518.0
55,2016-03-21,642000.0,3000.0,634000.0,648000.0,633000.0,63761.0
56,2016-03-22,649000.0,7000.0,641000.0,654000.0,639000.0,99260.0
57,2016-03-23,634000.0,15000.0,650000.0,652000.0,627000.0,94009.0
58,2016-03-24,624000.0,10000.0,638000.0,642000.0,621000.0,73071.0
59,2016-03-25,613000.0,11000.0,624000.0,629000.0,611000.0,104353.0
60,2016-03-28,617000.0,4000.0,616000.0,628000.0,615000.0,54766.0
61,2016-03-29,640000.0,23000.0,617000.0,640000.0,616000.0,71050.0
62,2016-03-30,637000.0,3000.0,649000.0,649000.0,632000.0,89180.0
63,2016-03-31,637000.0,0.0,645000.0,646000.0,633000.0,107783.0
64,2016-04-01,628000.0,9000.0,645000.0,645000.0,624000.0,62556.0
65,2016-04-04,651000.0,23000.0,632000.0,651000.0,632000.0,108339.0
66,2016-04-05,652000.0,1000.0,650000.0,653000.0,648000.0,92265.0
67,2016-04-06,649000.0,3000.0,645000.0,651000.0,642000.0,84628.0
68,2016-04-07,675000.0,26000.0,651000.0,677000.0,649000.0,141392.0
69,2016-04-08,663000.0,12000.0,667000.0,670000.0,660000.0,72693.0
70,2016-04-11,664000.0,1000.0,663000.0,670000.0,656000.0,59360.0
71,2016-04-12,670000.0,6000.0,666000.0,672000.0,660000.0,55658.0
72,2016-04-14,673000.0,3000.0,690000.0,691000.0,668000.0,89049.0
73,2016-04-15,673000.0,0.0,672000.0,677000.0,668000.0,80228.0
74,2016-04-18,661000.0,12000.0,668000.0,672000.0,657000.0,74941.0
75,2016-04-19,669000.0,8000.0,661000.0,672000.0,661000.0,90281.0
76,2016-04-20,654000.0,15000.0,666000.0,668000.0,651000.0,92783.0
77,2016-04-21,667000.0,13000.0,660000.0,667000.0,656000.0,82414.0
78,2016-04-22,663000.0,4000.0,660000.0,665000.0,657000.0,38974.0
79,2016-04-25,662000.0,1000.0,662000.0,665000.0,655000.0,71124.0
80,2016-04-26,654000.0,8000.0,663000.0,672000.0,649000.0,157920.0
81,2016-04-27,665000.0,11000.0,648000.0,665000.0,640000.0,80668.0
82,2016-04-28,659000.0,6000.0,691000.0,691000.0,646000.0,228211.0
83,2016-04-29,677000.0,18000.0,668000.0,681000.0,666000.0,181733.0
84,2016-05-02,678000.0,1000.0,679000.0,680000.0,667000.0,57779.0
85,2016-05-03,676000.0,2000.0,682000.0,682000.0,675000.0,68780.0
86,2016-05-04,680000.0,4000.0,679000.0,683000.0,670000.0,139450.0
87,2016-05-09,700000.0,20000.0,699000.0,705000.0,687000.0,202321.0
88,2016-05-10,707000.0,7000.0,708000.0,714000.0,695000.0,106455.0
89,2016-05-11,693000.0,14000.0,700000.0,702000.0,690000.0,88336.0
90,2016-05-12,676000.0,17000.0,695000.0,697000.0,676000.0,67686.0
91,2016-05-13,677000.0,1000.0,675000.0,687000.0,668000.0,92573.0
92,2016-05-16,692000.0,15000.0,671000.0,695000.0,671000.0,64530.0
93,2016-05-17,694000.0,2000.0,691000.0,694000.0,686000.0,68326.0
94,2016-05-18,698000.0,4000.0,694000.0,698000.0,682000.0,175078.0
95,2016-05-19,701000.0,3000.0,687000.0,701000.0,687000.0,50218.0
96,2016-05-20,688000.0,13000.0,708000.0,710000.0,682000.0,76520.0
97,2016-05-23,690000.0,2000.0,690000.0,690000.0,673000.0,57779.0
98,2016-05-24,694000.0,4000.0,690000.0,703000.0,686000.0,55240.0
99,2016-05-25,704000.0,10000.0,701000.0,709000.0,695000.0,92645.0
100,2016-05-26,703000.0,1000.0,704000.0,709000.0,699000.0,45223.0
101,2016-05-27,700000.0,3000.0,705000.0,706000.0,695000.0,45014.0
102,2016-05-30,710000.0,10000.0,705000.0,712000.0,702000.0,82852.0
103,2016-05-31,720000.0,10000.0,710000.0,720000.0,706000.0,115867.0
104,2016-06-01,687000.0,33000.0,700000.0,701000.0,666000.0,336227.0
105,2016-06-02,697000.0,10000.0,694000.0,713000.0,691000.0,101813.0
106,2016-06-03,707000.0,10000.0,702000.0,708000.0,695000.0,87753.0
107,2016-06-07,707000.0,0.0,728000.0,729000.0,705000.0,99661.0
108,2016-06-08,722000.0,15000.0,709000.0,725000.0,708000.0,111238.0
109,2016-06-09,720000.0,2000.0,731000.0,733000.0,712000.0,134568.0
110,2016-06-10,720000.0,0.0,731000.0,733000.0,717000.0,95001.0
111,2016-06-13,697000.0,23000.0,714000.0,714000.0,686000.0,160118.0
112,2016-06-14,697000.0,0.0,689000.0,702000.0,679000.0,130979.0
113,2016-06-15,697000.0,0.0,704000.0,709000.0,692000.0,70465.0
114,2016-06-16,701000.0,4000.0,691000.0,701000.0,691000.0,59844.0
115,2016-06-17,689000.0,12000.0,701000.0,702000.0,688000.0,73560.0
116,2016-06-20,692000.0,3000.0,697000.0,697000.0,684000.0,61510.0
117,2016-06-21,697000.0,5000.0,694000.0,698000.0,688000.0,61540.0
118,2016-06-22,730000.0,33000.0,699000.0,730000.0,699000.0,201087.0
119,2016-06-23,747000.0,17000.0,733000.0,760000.0,732000.0,226122.0
120,2016-06-24,739000.0,8000.0,745000.0,759000.0,721000.0,173581.0
121,2016-06-27,710000.0,29000.0,728000.0,730000.0,706000.0,234896.0
122,2016-06-28,719000.0,9000.0,701000.0,719000.0,700000.0,154017.0
123,2016-06-29,713000.0,6000.0,715000.0,724000.0,713000.0,148394.0
124,2016-06-30,710000.0,3000.0,710000.0,717000.0,707000.0,153533.0
125,2016-07-01,713000.0,3000.0,713000.0,723000.0,713000.0,76569.0
126,2016-07-04,727000.0,14000.0,716000.0,729000.0,712000.0,117837.0
127,2016-07-05,750000.0,23000.0,730000.0,756000.0,730000.0,127066.0
128,2016-07-06,745000.0,5000.0,750000.0,750000.0,730000.0,122446.0
129,2016-07-07,753000.0,8000.0,752000.0,770000.0,748000.0,68516.0
130,2016-07-08,750000.0,3000.0,751000.0,756000.0,748000.0,73753.0
131,2016-07-11,754000.0,4000.0,745000.0,758000.0,743000.0,108205.0
132,2016-07-12,755000.0,1000.0,759000.0,768000.0,748000.0,127011.0
133,2016-07-13,758000.0,3000.0,760000.0,768000.0,748000.0,155150.0
134,2016-07-14,734000.0,24000.0,751000.0,754000.0,734000.0,165410.0
135,2016-07-15,716000.0,18000.0,750000.0,753000.0,706000.0,306084.0
136,2016-07-18,712000.0,4000.0,717000.0,718000.0,706000.0,150928.0
137,2016-07-19,718000.0,6000.0,718000.0,721000.0,707000.0,110798.0
138,2016-07-20,695000.0,23000.0,715000.0,717000.0,691000.0,201850.0
139,2016-07-21,704000.0,9000.0,698000.0,706000.0,697000.0,108311.0
140,2016-07-22,705000.0,1000.0,706000.0,712000.0,704000.0,90330.0
141,2016-07-25,710000.0,5000.0,708000.0,714000.0,708000.0,51417.0
142,2016-07-26,710000.0,0.0,711000.0,714000.0,702000.0,57867.0
143,2016-07-27,712000.0,2000.0,710000.0,718000.0,710000.0,58607.0
144,2016-07-28,710000.0,2000.0,717000.0,719000.0,707000.0,98214.0
145,2016-07-29,710000.0,0.0,710000.0,717000.0,708000.0,106351.0
146,2016-08-01,701000.0,9000.0,711000.0,713000.0,678000.0,145886.0
147,2016-08-02,713000.0,12000.0,701000.0,715000.0,699000.0,48938.0
148,2016-08-03,705000.0,8000.0,710000.0,713000.0,702000.0,49681.0
149,2016-08-04,707000.0,2000.0,713000.0,714000.0,701000.0,51248.0
150,2016-08-05,723000.0,16000.0,711000.0,725000.0,705000.0,55159.0
151,2016-08-08,749000.0,26000.0,728000.0,749000.0,727000.0,116945.0
152,2016-08-09,755000.0,6000.0,754000.0,757000.0,750000.0,168810.0
153,2016-08-10,775000.0,20000.0,765000.0,776000.0,759000.0,160412.0
154,2016-08-11,778000.0,3000.0,779000.0,779000.0,769000.0,76227.0
155,2016-08-12,782000.0,4000.0,777000.0,784000.0,777000.0,51184.0
156,2016-08-16,790000.0,8000.0,784000.0,798000.0,783000.0,112935.0
157,2016-08-17,790000.0,0.0,775000.0,792000.0,775000.0,69851.0
158,2016-08-18,801000.0,11000.0,792000.0,801000.0,790000.0,92495.0
159,2016-08-19,805000.0,4000.0,807000.0,811000.0,798000.0,137384.0
160,2016-08-22,795000.0,10000.0,800000.0,803000.0,793000.0,80005.0
161,2016-08-23,806000.0,11000.0,801000.0,808000.0,795000.0,69435.0
162,2016-08-24,812000.0,6000.0,807000.0,814000.0,800000.0,71904.0
163,2016-08-25,804000.0,8000.0,812000.0,812000.0,802000.0,96952.0
164,2016-08-26,805000.0,1000.0,796000.0,809000.0,796000.0,75008.0
165,2016-08-29,810000.0,5000.0,806000.0,819000.0,800000.0,84039.0
166,2016-08-30,821000.0,11000.0,811000.0,821000.0,805000.0,70624.0
167,2016-08-31,845000.0,24000.0,843000.0,850000.0,827000.0,158267.0
168,2016-09-01,829000.0,16000.0,845000.0,847000.0,819000.0,90304.0
169,2016-09-02,831000.0,2000.0,833000.0,835000.0,822000.0,65593.0
170,2016-09-05,850000.0,19000.0,842000.0,855000.0,842000.0,51800.0
171,2016-09-06,843000.0,7000.0,858000.0,875000.0,833000.0,120907.0
172,2016-09-07,872000.0,29000.0,843000.0,874000.0,838000.0,87219.0
173,2016-09-08,869000.0,3000.0,869000.0,872000.0,851000.0,78393.0
174,2016-09-09,847000.0,22000.0,852000.0,860000.0,841000.0,83335.0
175,2016-09-12,840000.0,7000.0,835000.0,843000.0,831000.0,69512.0
176,2016-09-13,841000.0,1000.0,850000.0,851000.0,833000.0,69669.0
177,2016-09-19,856000.0,15000.0,853000.0,870000.0,845000.0,117354.0
178,2016-09-20,836000.0,20000.0,858000.0,867000.0,835000.0,109454.0
179,2016-09-21,855000.0,19000.0,836000.0,864000.0,836000.0,108756.0
180,2016-09-22,873000.0,18000.0,867000.0,874000.0,855000.0,112398.0
181,2016-09-23,878000.0,5000.0,882000.0,882000.0,861000.0,74094.0
182,2016-09-26,876000.0,2000.0,879000.0,884000.0,869000.0,42051.0
183,2016-09-27,884000.0,8000.0,876000.0,890000.0,866000.0,80703.0
184,2016-09-28,887000.0,3000.0,886000.0,895000.0,884000.0,54783.0
185,2016-09-29,900000.0,13000.0,890000.0,903000.0,887000.0,77187.0
186,2016-09-30,883000.0,17000.0,886000.0,888000.0,859000.0,172513.0
187,2016-10-04,858000.0,25000.0,883000.0,884000.0,850000.0,109200.0
188,2016-10-05,867000.0,9000.0,853000.0,875000.0,851000.0,66523.0
189,2016-10-06,861000.0,6000.0,869000.0,874000.0,852000.0,54843.0
190,2016-10-07,843000.0,18000.0,860000.0,861000.0,834000.0,75928.0
191,2016-10-10,872000.0,29000.0,853000.0,880000.0,848000.0,69249.0
192,2016-10-11,862000.0,10000.0,888000.0,894000.0,853000.0,70122.0
193,2016-10-12,864000.0,2000.0,870000.0,880000.0,862000.0,64084.0
194,2016-10-13,827000.0,37000.0,859000.0,863000.0,827000.0,96099.0
195,2016-10-14,844000.0,17000.0,831000.0,849000.0,831000.0,56239.0
196,2016-10-17,851000.0,7000.0,842000.0,857000.0,833000.0,77721.0
197,2016-10-18,846000.0,5000.0,854000.0,858000.0,838000.0,81061.0
198,2016-10-19,829000.0,17000.0,841000.0,845000.0,823000.0,85601.0
199,2016-10-20,844000.0,15000.0,830000.0,845000.0,826000.0,116179.0
200,2016-10-21,831000.0,13000.0,838000.0,840000.0,829000.0,60552.0
201,2016-10-24,833000.0,2000.0,826000.0,836000.0,826000.0,135275.0
202,2016-10-25,837000.0,4000.0,825000.0,843000.0,825000.0,86741.0
203,2016-10-26,848000.0,11000.0,827000.0,852000.0,827000.0,71085.0
204,2016-10-27,859000.0,11000.0,863000.0,883000.0,853000.0,178398.0
205,2016-10-28,860000.0,1000.0,871000.0,876000.0,855000.0,80422.0
206,2016-10-31,857000.0,3000.0,858000.0,866000.0,847000.0,66212.0
207,2016-11-01,847000.0,10000.0,860000.0,860000.0,832000.0,224653.0
208,2016-11-02,826000.0,21000.0,849000.0,850000.0,823000.0,85366.0
209,2016-11-03,812000.0,14000.0,826000.0,826000.0,812000.0,68345.0
210,2016-11-04,789000.0,23000.0,808000.0,810000.0,785000.0,102475.0
211,2016-11-07,820000.0,31000.0,798000.0,829000.0,795000.0,99899.0
212,2016-11-08,815000.0,5000.0,829000.0,838000.0,811000.0,62904.0
213,2016-11-09,805000.0,10000.0,826000.0,827000.0,784000.0,124375.0
214,2016-11-10,806000.0,1000.0,816000.0,819000.0,801000.0,82529.0
215,2016-11-11,760000.0,46000.0,781000.0,790000.0,757000.0,214331.0
216,2016-11-14,746000.0,14000.0,760000.0,779000.0,746000.0,139465.0
217,2016-11-15,744000.0,2000.0,746000.0,762000.0,739000.0,133064.0
218,2016-11-16,751000.0,7000.0,751000.0,759000.0,741000.0,154996.0
219,2016-11-17,745000.0,6000.0,748000.0,755000.0,743000.0,99389.0
220,2016-11-18,771000.0,26000.0,760000.0,773000.0,750000.0,144474.0
221,2016-11-21,786000.0,15000.0,771000.0,799000.0,759000.0,147242.0
222,2016-11-22,810000.0,24000.0,788000.0,813000.0,787000.0,105354.0
223,2016-11-23,795000.0,15000.0,795000.0,809000.0,792000.0,75510.0
224,2016-11-24,802000.0,7000.0,789000.0,805000.0,783000.0,70341.0
225,2016-11-25,805000.0,3000.0,810000.0,817000.0,802000.0,124784.0
226,2016-11-28,808000.0,3000.0,802000.0,815000.0,792000.0,76152.0
227,2016-11-29,801000.0,7000.0,802000.0,815000.0,801000.0,56621.0
228,2016-11-30,798000.0,3000.0,802000.0,810000.0,786000.0,168587.0
229,2016-12-01,764000.0,34000.0,790000.0,798000.0,764000.0,103862.0
230,2016-12-02,755000.0,9000.0,777000.0,777000.0,754000.0,79960.0
231,2016-12-05,764000.0,9000.0,749000.0,769000.0,744000.0,82134.0
232,2016-12-06,756000.0,8000.0,774000.0,778000.0,750000.0,98542.0
233,2016-12-07,750000.0,6000.0,757000.0,762000.0,749000.0,52901.0
234,2016-12-08,804000.0,54000.0,756000.0,804000.0,756000.0,134987.0
235,2016-12-09,800000.0,4000.0,804000.0,814000.0,796000.0,82302.0
236,2016-12-12,792000.0,8000.0,804000.0,808000.0,788000.0,60521.0
237,2016-12-13,786000.0,6000.0,794000.0,795000.0,782000.0,60797.0
238,2016-12-14,785000.0,1000.0,793000.0,796000.0,781000.0,52767.0
239,2016-12-15,786000.0,1000.0,785000.0,794000.0,784000.0,83964.0
240,2016-12-16,806000.0,20000.0,797000.0,806000.0,789000.0,100221.0
241,2016-12-19,800000.0,6000.0,801000.0,806000.0,796000.0,47789.0
242,2016-12-20,787000.0,13000.0,800000.0,802000.0,785000.0,65614.0
243,2016-12-21,779000.0,8000.0,795000.0,797000.0,779000.0,44194.0
244,2016-12-22,773000.0,6000.0,779000.0,786000.0,767000.0,78677.0
245,2016-12-23,768000.0,5000.0,771000.0,777000.0,762000.0,53375.0
246,2016-12-26,765000.0,3000.0,766000.0,773000.0,765000.0,20665.0
247,2016-12-27,772000.0,7000.0,766000.0,773000.0,763000.0,31962.0
248,2016-12-28,763000.0,9000.0,785000.0,785000.0,763000.0,57737.0
249,2016-12-29,775000.0,12000.0,758000.0,777000.0,754000.0,56324.0
250,2017-01-02,777000.0,2000.0,778000.0,787000.0,775000.0,30777.0
251,2017-01-03,767000.0,10000.0,777000.0,777000.0,767000.0,51766.0
252,2017-01-04,810000.0,43000.0,775000.0,810000.0,771000.0,120359.0
253,2017-01-05,791000.0,19000.0,810000.0,810000.0,791000.0,68724.0
254,2017-01-06,799000.0,8000.0,791000.0,801000.0,786000.0,50269.0
255,2017-01-09,779000.0,20000.0,791000.0,799000.0,777000.0,76688.0
256,2017-01-10,792000.0,13000.0,787000.0,793000.0,779000.0,47372.0
257,2017-01-11,796000.0,4000.0,786000.0,802000.0,786000.0,48742.0
258,2017-01-12,802000.0,6000.0,799000.0,815000.0,796000.0,56389.0
259,2017-01-13,790000.0,12000.0,802000.0,805000.0,787000.0,68231.0
260,2017-01-16,794000.0,4000.0,792000.0,801000.0,774000.0,55042.0
261,2017-01-17,795000.0,1000.0,787000.0,797000.0,782000.0,50942.0
262,2017-01-18,788000.0,7000.0,800000.0,800000.0,787000.0,55176.0
263,2017-01-19,801000.0,13000.0,787000.0,806000.0,787000.0,67811.0
264,2017-01-20,785000.0,16000.0,797000.0,798000.0,785000.0,73435.0
265,2017-01-23,771000.0,14000.0,778000.0,779000.0,763000.0,90668.0
266,2017-01-24,761000.0,10000.0,771000.0,771000.0,760000.0,106880.0
267,2017-01-25,763000.0,2000.0,763000.0,768000.0,760000.0,119005.0
268,2017-01-26,753000.0,10000.0,751000.0,763000.0,736000.0,274419.0
269,2017-01-31,758000.0,5000.0,750000.0,767000.0,743000.0,127610.0
270,2017-02-01,771000.0,13000.0,761000.0,774000.0,760000.0,92541.0
271,2017-02-02,772000.0,1000.0,776000.0,780000.0,770000.0,121050.0
272,2017-02-03,774000.0,2000.0,770000.0,776000.0,767000.0,142414.0
273,2017-02-06,779000.0,5000.0,781000.0,781000.0,772000.0,127029.0
274,2017-02-07,800000.0,21000.0,778000.0,802000.0,775000.0,135111.0
275,2017-02-08,795000.0,5000.0,799000.0,799000.0,791000.0,77643.0
276,2017-02-09,787000.0,8000.0,788000.0,796000.0,783000.0,102023.0
277,2017-02-10,795000.0,8000.0,795000.0,795000.0,787000.0,67489.0
278,2017-02-13,795000.0,0.0,800000.0,803000.0,788000.0,59380.0
279,2017-02-14,770000.0,25000.0,785000.0,790000.0,766000.0,119907.0
280,2017-02-15,773000.0,3000.0,769000.0,777000.0,768000.0,66435.0
281,2017-02-16,777000.0,4000.0,770000.0,777000.0,769000.0,73821.0
282,2017-02-17,780000.0,3000.0,773000.0,785000.0,772000.0,104341.0
283,2017-02-20,781000.0,1000.0,773000.0,784000.0,772000.0,75042.0
284,2017-02-21,790000.0,9000.0,778000.0,793000.0,776000.0,115574.0
285,2017-02-22,797000.0,7000.0,788000.0,800000.0,786000.0,107372.0
286,2017-02-23,808000.0,11000.0,805000.0,815000.0,804000.0,96955.0
287,2017-02-24,803000.0,5000.0,803000.0,807000.0,793000.0,77173.0
288,2017-02-27,796000.0,7000.0,800000.0,807000.0,792000.0,33895.0
289,2017-02-28,776000.0,20000.0,794000.0,800000.0,776000.0,97398.0
290,2017-03-02,815000.0,39000.0,799000.0,819000.0,790000.0,150962.0
291,2017-03-03,809000.0,6000.0,816000.0,839000.0,794000.0,98302.0
292,2017-03-06,800000.0,9000.0,810000.0,817000.0,795000.0,57995.0
293,2017-03-07,799000.0,1000.0,800000.0,806000.0,794000.0,48316.0
294,2017-03-08,800000.0,1000.0,798000.0,807000.0,791000.0,56378.0
295,2017-03-09,789000.0,11000.0,801000.0,806000.0,789000.0,75785.0
296,2017-03-10,800000.0,11000.0,789000.0,802000.0,783000.0,48907.0
297,2017-03-13,826000.0,26000.0,800000.0,833000.0,799000.0,83464.0
298,2017-03-14,815000.0,11000.0,827000.0,833000.0,811000.0,94487.0
299,2017-03-15,820000.0,5000.0,817000.0,826000.0,810000.0,40787.0
300,2017-03-16,819000.0,1000.0,834000.0,835000.0,817000.0,53315.0
301,2017-03-17,827000.0,8000.0,825000.0,833000.0,819000.0,59069.0
302,2017-03-20,818000.0,9000.0,830000.0,830000.0,810000.0,59293.0
303,2017-03-21,871000.0,53000.0,828000.0,872000.0,825000.0,150195.0
304,2017-03-22,849000.0,22000.0,870000.0,871000.0,846000.0,79212.0
305,2017-03-23,864000.0,15000.0,860000.0,872000.0,851000.0,80062.0
306,2017-03-24,872000.0,8000.0,864000.0,880000.0,864000.0,55786.0
307,2017-03-27,885000.0,13000.0,865000.0,892000.0,865000.0,60459.0
308,2017-03-28,853000.0,32000.0,885000.0,886000.0,851000.0,82475.0
309,2017-03-29,864000.0,11000.0,859000.0,865000.0,854000.0,58716.0
310,2017-03-30,861000.0,3000.0,865000.0,874000.0,856000.0,57075.0
311,2017-03-31,855000.0,6000.0,861000.0,870000.0,854000.0,50026.0
312,2017-04-03,873000.0,18000.0,855000.0,878000.0,843000.0,54884.0
313,2017-04-04,850000.0,23000.0,868000.0,869000.0,846000.0,59594.0
314,2017-04-05,843000.0,7000.0,857000.0,859000.0,835000.0,99674.0
315,2017-04-06,840000.0,3000.0,838000.0,840000.0,826000.0,72103.0
316,2017-04-07,828000.0,12000.0,837000.0,842000.0,825000.0,57671.0
317,2017-04-10,818000.0,10000.0,823000.0,828000.0,811000.0,71406.0
318,2017-04-11,770000.0,48000.0,810000.0,811000.0,767000.0,263066.0
319,2017-04-12,768000.0,2000.0,773000.0,777000.0,757000.0,205449.0
320,2017-04-13,802000.0,34000.0,773000.0,803000.0,770000.0,173040.0
321,2017-04-14,787000.0,15000.0,798000.0,811000.0,786000.0,59789.0
322,2017-04-17,785000.0,2000.0,780000.0,793000.0,773000.0,55583.0
323,2017-04-18,778000.0,7000.0,791000.0,791000.0,777000.0,54222.0
324,2017-04-19,777000.0,1000.0,778000.0,785000.0,777000.0,82834.0
325,2017-04-20,796000.0,19000.0,785000.0,800000.0,781000.0,98297.0
326,2017-04-21,813000.0,17000.0,801000.0,813000.0,796000.0,85913.0
327,2017-04-24,810000.0,3000.0,811000.0,813000.0,805000.0,86866.0
328,2017-04-25,815000.0,5000.0,815000.0,815000.0,803000.0,151351.0
329,2017-04-26,807000.0,8000.0,815000.0,816000.0,804000.0,161105.0
330,2017-04-27,791000.0,16000.0,796000.0,800000.0,785000.0,169134.0
331,2017-04-28,800000.0,9000.0,791000.0,803000.0,791000.0,112573.0
332,2017-05-02,801000.0,1000.0,800000.0,807000.0,790000.0,108742.0
333,2017-05-04,823000.0,22000.0,806000.0,823000.0,803000.0,88182.0
334,2017-05-08,845000.0,22000.0,823000.0,845000.0,815000.0,133891.0
335,2017-05-10,824000.0,21000.0,859000.0,878000.0,823000.0,141076.0
336,2017-05-11,866000.0,42000.0,841000.0,866000.0,837000.0,174898.0
337,2017-05-12,848000.0,18000.0,864000.0,865000.0,842000.0,76597.0
338,2017-05-15,839000.0,9000.0,853000.0,854000.0,834000.0,47526.0
339,2017-05-16,839000.0,0.0,839000.0,850000.0,830000.0,54957.0
340,2017-05-17,832000.0,7000.0,835000.0,838000.0,829000.0,73344.0
341,2017-05-18,824000.0,8000.0,829000.0,832000.0,817000.0,58999.0
342,2017-05-19,832000.0,8000.0,822000.0,833000.0,822000.0,125157.0
343,2017-05-22,847000.0,15000.0,848000.0,848000.0,834000.0,70139.0
344,2017-05-23,842000.0,5000.0,846000.0,850000.0,838000.0,74596.0
345,2017-05-24,852000.0,10000.0,850000.0,855000.0,842000.0,91609.0
346,2017-05-25,852000.0,0.0,855000.0,858000.0,848000.0,66807.0
347,2017-05-26,855000.0,3000.0,860000.0,863000.0,854000.0,61658.0
348,2017-05-29,856000.0,1000.0,860000.0,864000.0,852000.0,45405.0
349,2017-05-30,852000.0,4000.0,856000.0,859000.0,845000.0,67161.0
350,2017-05-31,845000.0,7000.0,849000.0,864000.0,843000.0,95528.0
351,2017-06-01,842000.0,3000.0,850000.0,860000.0,842000.0,55107.0
352,2017-06-02,864000.0,22000.0,843000.0,864000.0,843000.0,68640.0
353,2017-06-05,876000.0,12000.0,854000.0,887000.0,854000.0,104348.0
354,2017-06-07,876000.0,0.0,876000.0,888000.0,871000.0,84108.0
355,2017-06-08,890000.0,14000.0,885000.0,893000.0,877000.0,105056.0
356,2017-06-09,960000.0,70000.0,895000.0,975000.0,894000.0,183462.0
357,2017-06-12,895000.0,65000.0,926000.0,933000.0,895000.0,198383.0
358,2017-06-13,895000.0,0.0,895000.0,919000.0,891000.0,112622.0
359,2017-06-14,883000.0,12000.0,898000.0,914000.0,875000.0,133198.0
360,2017-06-15,885000.0,2000.0,880000.0,896000.0,879000.0,76874.0
361,2017-06-16,892000.0,7000.0,889000.0,892000.0,873000.0,96765.0
362,2017-06-19,878000.0,14000.0,887000.0,898000.0,876000.0,63532.0
363,2017-06-20,866000.0,12000.0,892000.0,893000.0,864000.0,83933.0
364,2017-06-21,880000.0,14000.0,857000.0,881000.0,832000.0,97753.0
365,2017-06-22,880000.0,0.0,878000.0,888000.0,871000.0,59325.0
366,2017-06-23,887000.0,7000.0,884000.0,896000.0,875000.0,61621.0
367,2017-06-26,888000.0,1000.0,891000.0,903000.0,881000.0,58948.0
368,2017-06-27,869000.0,19000.0,890000.0,902000.0,866000.0,686346.0
369,2017-06-28,861000.0,8000.0,858000.0,865000.0,851000.0,101311.0
370,2017-06-29,853000.0,8000.0,864000.0,868000.0,851000.0,72186.0
371,2017-06-30,838000.0,15000.0,845000.0,850000.0,835000.0,111979.0
372,2017-07-03,844000.0,6000.0,844000.0,850000.0,833000.0,64145.0
373,2017-07-04,840000.0,4000.0,840000.0,847000.0,837000.0,44926.0
374,2017-07-05,835000.0,5000.0,837000.0,840000.0,831000.0,65120.0
375,2017-07-06,825000.0,10000.0,834000.0,835000.0,818000.0,108236.0
376,2017-07-07,838000.0,13000.0,825000.0,841000.0,822000.0,93149.0
377,2017-07-10,813000.0,25000.0,829000.0,834000.0,813000.0,94323.0
378,2017-07-11,830000.0,17000.0,813000.0,835000.0,813000.0,82714.0
379,2017-07-12,821000.0,9000.0,831000.0,839000.0,815000.0,70912.0
380,2017-07-13,830000.0,9000.0,817000.0,837000.0,817000.0,91884.0
381,2017-07-14,839000.0,9000.0,829000.0,839000.0,826000.0,98662.0
382,2017-07-17,839000.0,0.0,840000.0,844000.0,835000.0,84952.0
383,2017-07-18,830000.0,9000.0,841000.0,844000.0,826000.0,63292.0
384,2017-07-19,835000.0,5000.0,831000.0,842000.0,830000.0,69438.0
385,2017-07-20,835000.0,0.0,833000.0,842000.0,827000.0,63638.0
386,2017-07-21,839000.0,4000.0,832000.0,840000.0,832000.0,60799.0
387,2017-07-24,833000.0,6000.0,837000.0,838000.0,821000.0,68561.0
388,2017-07-25,837000.0,4000.0,834000.0,838000.0,824000.0,65990.0
389,2017-07-26,825000.0,12000.0,840000.0,841000.0,819000.0,82343.0
390,2017-07-27,825000.0,0.0,820000.0,829000.0,819000.0,70479.0
391,2017-07-28,799000.0,26000.0,821000.0,824000.0,799000.0,125875.0
392,2017-07-31,803000.0,4000.0,799000.0,808000.0,786000.0,87685.0
393,2017-08-01,796000.0,7000.0,794000.0,802000.0,790000.0,82928.0
394,2017-08-02,795000.0,1000.0,792000.0,800000.0,791000.0,83691.0
395,2017-08-03,778000.0,17000.0,794000.0,798000.0,775000.0,134930.0
396,2017-08-04,776000.0,2000.0,779000.0,785000.0,776000.0,67353.0
397,2017-08-07,796000.0,20000.0,777000.0,803000.0,768000.0,148923.0
398,2017-08-08,810000.0,14000.0,801000.0,816000.0,800000.0,104049.0
399,2017-08-09,798000.0,12000.0,798000.0,807000.0,797000.0,51973.0
400,2017-08-10,794000.0,4000.0,794000.0,802000.0,791000.0,73502.0
401,2017-08-11,795000.0,1000.0,781000.0,798000.0,780000.0,53942.0
402,2017-08-14,779000.0,16000.0,807000.0,807000.0,776000.0,79397.0
403,2017-08-16,787000.0,8000.0,780000.0,790000.0,779000.0,69817.0
404,2017-08-17,777000.0,10000.0,781000.0,786000.0,776000.0,73408.0
405,2017-08-18,784000.0,7000.0,773000.0,785000.0,773000.0,52621.0
406,2017-08-21,781000.0,3000.0,784000.0,785000.0,775000.0,40484.0
407,2017-08-22,767000.0,14000.0,781000.0,781000.0,763000.0,229898.0
408,2017-08-23,773000.0,6000.0,772000.0,781000.0,770000.0,97015.0
409,2017-08-24,771000.0,2000.0,770000.0,774000.0,766000.0,116996.0
410,2017-08-25,780000.0,9000.0,771000.0,787000.0,771000.0,82607.0
411,2017-08-28,783000.0,3000.0,781000.0,793000.0,779000.0,109037.0
412,2017-08-29,778000.0,5000.0,779000.0,780000.0,767000.0,105691.0
413,2017-08-30,774000.0,4000.0,778000.0,783000.0,771000.0,112999.0
414,2017-08-31,755000.0,19000.0,769000.0,770000.0,751000.0,198250.0
415,2017-09-01,746000.0,9000.0,757000.0,761000.0,745000.0,146540.0
416,2017-09-04,726000.0,20000.0,724000.0,734000.0,724000.0,140477.0
417,2017-09-05,736000.0,10000.0,728000.0,742000.0,727000.0,97577.0
418,2017-09-06,737000.0,1000.0,729000.0,739000.0,725000.0,80239.0
419,2017-09-07,730000.0,7000.0,736000.0,737000.0,730000.0,68175.0
420,2017-09-08,727000.0,3000.0,725000.0,733000.0,724000.0,70880.0
421,2017-09-11,720000.0,7000.0,727000.0,727000.0,717000.0,75517.0
422,2017-09-12,735000.0,15000.0,723000.0,742000.0,718000.0,83031.0
423,2017-09-13,729000.0,6000.0,733000.0,735000.0,725000.0,74276.0
424,2017-09-14,765000.0,36000.0,730000.0,769000.0,729000.0,226589.0
425,2017-09-15,760000.0,5000.0,764000.0,764000.0,752000.0,99262.0
426,2017-09-18,781000.0,21000.0,762000.0,786000.0,761000.0,122896.0
427,2017-09-19,770000.0,11000.0,775000.0,777000.0,764000.0,73974.0
428,2017-09-20,783000.0,13000.0,774000.0,787000.0,767000.0,86367.0
429,2017-09-21,763000.0,20000.0,777000.0,781000.0,760000.0,67757.0
430,2017-09-22,764000.0,1000.0,765000.0,775000.0,755000.0,64961.0
431,2017-09-25,754000.0,10000.0,760000.0,763000.0,749000.0,73864.0
432,2017-09-26,753000.0,1000.0,746000.0,755000.0,736000.0,75843.0
433,2017-09-27,734000.0,19000.0,750000.0,752000.0,734000.0,92054.0
434,2017-09-28,733000.0,1000.0,730000.0,745000.0,730000.0,108761.0
435,2017-09-29,745000.0,12000.0,733000.0,749000.0,733000.0,52799.0
436,2017-10-10,756000.0,11000.0,747000.0,770000.0,744000.0,164559.0
437,2017-10-11,751000.0,5000.0,751000.0,755000.0,746000.0,59229.0
438,2017-10-12,768000.0,17000.0,751000.0,772000.0,751000.0,114527.0
439,2017-10-13,762000.0,6000.0,768000.0,768000.0,758000.0,73043.0
440,2017-10-16,762000.0,0.0,764000.0,767000.0,759000.0,65306.0
441,2017-10-17,768000.0,6000.0,767000.0,772000.0,764000.0,92894.0
442,2017-10-18,815000.0,47000.0,768000.0,817000.0,768000.0,219631.0
443,2017-10-19,811000.0,4000.0,818000.0,826000.0,805000.0,179233.0
444,2017-10-20,801000.0,10000.0,818000.0,823000.0,792000.0,103091.0
445,2017-10-23,799000.0,2000.0,806000.0,812000.0,793000.0,64870.0
446,2017-10-24,801000.0,2000.0,797000.0,810000.0,795000.0,55457.0
447,2017-10-25,804000.0,3000.0,800000.0,811000.0,795000.0,93258.0
448,2017-10-26,840000.0,36000.0,844000.0,854000.0,830000.0,342341.0
449,2017-10-27,879000.0,39000.0,860000.0,879000.0,860000.0,236645.0
450,2017-10-30,876000.0,3000.0,887000.0,899000.0,870000.0,105718.0
451,2017-10-31,894000.0,18000.0,875000.0,896000.0,868000.0,131019.0
452,2017-11-01,860000.0,34000.0,870000.0,879000.0,853000.0,232078.0
453,2017-11-02,856000.0,4000.0,860000.0,873000.0,855000.0,70554.0
454,2017-11-03,863000.0,7000.0,852000.0,868000.0,850000.0,62974.0
455,2017-11-06,861000.0,2000.0,860000.0,874000.0,855000.0,64415.0
456,2017-11-07,860000.0,1000.0,872000.0,872000.0,850000.0,84428.0
457,2017-11-08,849000.0,11000.0,854000.0,856000.0,842000.0,102691.0
458,2017-11-09,825000.0,24000.0,843000.0,844000.0,824000.0,176602.0
459,2017-11-10,814000.0,11000.0,822000.0,830000.0,807000.0,157249.0
460,2017-11-13,819000.0,5000.0,811000.0,824000.0,807000.0,94173.0
461,2017-11-14,805000.0,14000.0,822000.0,822000.0,802000.0,118432.0
462,2017-11-15,805000.0,0.0,805000.0,808000.0,792000.0,91183.0
463,2017-11-16,802000.0,3000.0,805000.0,808000.0,798000.0,86510.0
464,2017-11-17,805000.0,3000.0,807000.0,822000.0,802000.0,145275.0
465,2017-11-20,801000.0,4000.0,808000.0,809000.0,796000.0,85893.0
466,2017-11-21,808000.0,7000.0,802000.0,810000.0,798000.0,79682.0
467,2017-11-22,801000.0,7000.0,814000.0,815000.0,798000.0,95432.0
468,2017-11-23,801000.0,0.0,805000.0,807000.0,794000.0,67619.0
469,2017-11-24,810000.0,9000.0,800000.0,812000.0,797000.0,68255.0
470,2017-11-27,795000.0,15000.0,808000.0,809000.0,788000.0,117386.0
471,2017-11-28,807000.0,12000.0,799000.0,811000.0,796000.0,95372.0
472,2017-11-29,812000.0,5000.0,805000.0,814000.0,802000.0,91818.0
473,2017-11-30,800000.0,12000.0,811000.0,811000.0,800000.0,157332.0
474,2017-12-01,831000.0,31000.0,809000.0,833000.0,801000.0,153285.0
475,2017-12-04,839000.0,8000.0,837000.0,848000.0,828000.0,136027.0
476,2017-12-05,833000.0,6000.0,840000.0,843000.0,831000.0,64004.0
477,2017-12-06,826000.0,7000.0,833000.0,834000.0,824000.0,69199.0
478,2017-12-07,837000.0,11000.0,834000.0,848000.0,829000.0,155000.0
479,2017-12-08,830000.0,7000.0,835000.0,838000.0,821000.0,58893.0
480,2017-12-11,826000.0,4000.0,830000.0,835000.0,820000.0,57600.0
481,2017-12-12,828000.0,2000.0,822000.0,845000.0,822000.0,73019.0
482,2017-12-13,841000.0,13000.0,829000.0,842000.0,824000.0,71600.0
483,2017-12-14,835000.0,6000.0,842000.0,849000.0,835000.0,143097.0
484,2017-12-15,844000.0,9000.0,841000.0,844000.0,837000.0,91136.0
485,2017-12-18,860000.0,16000.0,844000.0,865000.0,840000.0,118097.0
486,2017-12-19,855000.0,5000.0,863000.0,870000.0,850000.0,79667.0
487,2017-12-20,849000.0,6000.0,859000.0,868000.0,849000.0,68341.0
488,2017-12-21,842000.0,7000.0,849000.0,853000.0,834000.0,82697.0
489,2017-12-22,862000.0,20000.0,850000.0,864000.0,843000.0,87458.0
490,2017-12-26,874000.0,12000.0,865000.0,880000.0,859000.0,103805.0
491,2017-12-27,877000.0,3000.0,872000.0,878000.0,866000.0,57356.0
492,2017-12-28,870000.0,7000.0,880000.0,881000.0,860000.0,65370.0
493,2018-01-02,885000.0,15000.0,871000.0,885000.0,870000.0,93587.0
494,2018-01-03,871000.0,14000.0,876000.0,884000.0,864000.0,84790.0
495,2018-01-04,893000.0,22000.0,879000.0,897000.0,873000.0,130112.0
496,2018-01-05,908000.0,15000.0,893000.0,918000.0,880000.0,136811.0
497,2018-01-08,950000.0,42000.0,915000.0,953000.0,908000.0,196338.0
498,2018-01-09,944000.0,6000.0,944000.0,952000.0,933000.0,78027.0
499,2018-01-10,928000.0,16000.0,943000.0,975000.0,927000.0,120097.0
500,2018-01-11,917000.0,11000.0,928000.0,934000.0,909000.0,93854.0
501,2018-01-12,909000.0,8000.0,920000.0,930000.0,901000.0,89414.0
502,2018-01-15,921000.0,12000.0,917000.0,925000.0,911000.0,59200.0
503,2018-01-16,903000.0,18000.0,919000.0,924000.0,893000.0,95302.0
504,2018-01-17,888000.0,15000.0,903000.0,906000.0,888000.0,107026.0
505,2018-01-18,903000.0,15000.0,893000.0,906000.0,893000.0,90308.0
506,2018-01-19,881000.0,22000.0,905000.0,907000.0,880000.0,100565.0
507,2018-01-22,893000.0,12000.0,884000.0,893000.0,882000.0,75543.0
508,2018-01-23,889000.0,4000.0,899000.0,899000.0,884000.0,80475.0
509,2018-01-24,878000.0,11000.0,889000.0,889000.0,870000.0,118121.0
510,2018-01-25,913000.0,35000.0,878000.0,922000.0,867000.0,169190.0
511,2018-01-26,927000.0,14000.0,913000.0,929000.0,910000.0,111369.0
512,2018-01-29,932000.0,5000.0,923000.0,948000.0,922000.0,102916.0
513,2018-01-30,931000.0,1000.0,928000.0,950000.0,923000.0,102118.0
514,2018-01-31,910000.0,21000.0,933000.0,945000.0,910000.0,125184.0
515,2018-02-01,923000.0,13000.0,910000.0,932000.0,909000.0,80607.0
516,2018-02-02,905000.0,18000.0,930000.0,932000.0,902000.0,82151.0
517,2018-02-05,879000.0,26000.0,905000.0,905000.0,877000.0,96967.0
518,2018-02-06,851000.0,28000.0,864000.0,878000.0,838000.0,154539.0
519,2018-02-07,843000.0,8000.0,870000.0,872000.0,840000.0,95763.0
520,2018-02-08,843000.0,0.0,860000.0,860000.0,842000.0,102950.0
521,2018-02-09,808000.0,35000.0,817000.0,830000.0,806000.0,158070.0
522,2018-02-12,800000.0,8000.0,817000.0,817000.0,798000.0,190743.0
523,2018-02-13,805000.0,5000.0,813000.0,822000.0,803000.0,137025.0
524,2018-02-14,811000.0,6000.0,812000.0,819000.0,808000.0,74164.0
525,2018-02-19,820000.0,9000.0,830000.0,830000.0,815000.0,83337.0
526,2018-02-20,807000.0,13000.0,818000.0,818000.0,804000.0,67201.0
527,2018-02-21,833000.0,26000.0,810000.0,836000.0,809000.0,141568.0
528,2018-02-22,827000.0,6000.0,831000.0,837000.0,819000.0,72242.0
529,2018-02-23,829000.0,2000.0,831000.0,842000.0,820000.0,70864.0
530,2018-02-26,810000.0,19000.0,834000.0,834000.0,808000.0,127128.0
531,2018-02-27,804000.0,6000.0,810000.0,813000.0,801000.0,142978.0
532,2018-02-28,803000.0,1000.0,808000.0,818000.0,802000.0,390265.0
533,2018-03-02,786000.0,17000.0,794000.0,800000.0,772000.0,217305.0
534,2018-03-05,779000.0,7000.0,786000.0,790000.0,779000.0,79122.0
535,2018-03-06,796000.0,17000.0,786000.0,800000.0,782000.0,78012.0
536,2018-03-07,795000.0,1000.0,804000.0,805000.0,791000.0,72110.0
537,2018-03-08,799000.0,4000.0,798000.0,799000.0,791000.0,79218.0
538,2018-03-09,802000.0,3000.0,803000.0,814000.0,797000.0,85805.0
539,2018-03-12,806000.0,4000.0,808000.0,815000.0,804000.0,69011.0
540,2018-03-13,820000.0,14000.0,806000.0,826000.0,803000.0,121223.0
541,2018-03-14,809000.0,11000.0,813000.0,814000.0,801000.0,75328.0
542,2018-03-15,820000.0,11000.0,813000.0,824000.0,807000.0,68305.0
543,2018-03-16,801000.0,19000.0,816000.0,817000.0,797000.0,143598.0
544,2018-03-19,785000.0,16000.0,801000.0,802000.0,782000.0,120014.0
545,2018-03-20,795000.0,10000.0,777000.0,796000.0,774000.0,88391.0
546,2018-03-21,794000.0,1000.0,795000.0,798000.0,792000.0,84913.0
547,2018-03-22,803000.0,9000.0,799000.0,805000.0,798000.0,67346.0
548,2018-03-23,783000.0,20000.0,788000.0,792000.0,780000.0,97868.0
549,2018-03-26,789000.0,6000.0,778000.0,790000.0,777000.0,55239.0
550,2018-03-27,789000.0,0.0,800000.0,800000.0,786000.0,56632.0
551,2018-03-28,784000.0,5000.0,787000.0,793000.0,777000.0,52460.0
552,2018-03-29,786000.0,2000.0,784000.0,790000.0,778000.0,67560.0
553,2018-03-30,792000.0,6000.0,794000.0,799000.0,786000.0,57761.0
554,2018-04-02,785000.0,7000.0,783000.0,792000.0,782000.0,79620.0
555,2018-04-03,785000.0,0.0,798000.0,799000.0,780000.0,68203.0
556,2018-04-04,754000.0,31000.0,782000.0,786000.0,747000.0,165929.0
557,2018-04-05,779000.0,25000.0,764000.0,779000.0,762000.0,94462.0
558,2018-04-06,770000.0,9000.0,776000.0,782000.0,766000.0,76814.0
559,2018-04-09,774000.0,4000.0,769000.0,774000.0,764000.0,58079.0
560,2018-04-10,775000.0,1000.0,771000.0,783000.0,769000.0,79128.0
561,2018-04-11,771000.0,4000.0,772000.0,781000.0,769000.0,61650.0
562,2018-04-12,757000.0,14000.0,769000.0,771000.0,755000.0,111805.0
563,2018-04-13,764000.0,7000.0,758000.0,766000.0,753000.0,68271.0
564,2018-04-16,751000.0,13000.0,765000.0,765000.0,750000.0,78420.0
565,2018-04-17,748000.0,3000.0,754000.0,758000.0,745000.0,88425.0
566,2018-04-18,752000.0,4000.0,751000.0,758000.0,750000.0,83269.0
567,2018-04-19,738000.0,14000.0,742000.0,748000.0,734000.0,124519.0
568,2018-04-20,728000.0,10000.0,738000.0,745000.0,726000.0,95897.0
569,2018-04-23,735000.0,7000.0,727000.0,738000.0,727000.0,62432.0
570,2018-04-24,725000.0,10000.0,735000.0,735000.0,722000.0,99598.0
571,2018-04-25,743000.0,18000.0,726000.0,751000.0,724000.0,123783.0
572,2018-04-26,725000.0,18000.0,732000.0,746000.0,725000.0,214225.0
573,2018-04-27,716000.0,9000.0,725000.0,727000.0,712000.0,209837.0
574,2018-04-30,716000.0,0.0,721000.0,721000.0,712000.0,79731.0
575,2018-05-02,738000.0,22000.0,726000.0,739000.0,724000.0,101865.0
576,2018-05-03,727000.0,11000.0,739000.0,745000.0,726000.0,63328.0
577,2018-05-04,717000.0,10000.0,725000.0,735000.0,717000.0,102357.0
578,2018-05-08,731000.0,14000.0,727000.0,738000.0,721000.0,97455.0
579,2018-05-09,727000.0,4000.0,730000.0,740000.0,723000.0,95131.0
580,2018-05-10,720000.0,7000.0,730000.0,735000.0,718000.0,83361.0
581,2018-05-11,717000.0,3000.0,721000.0,729000.0,714000.0,109545.0
582,2018-05-14,717000.0,0.0,720000.0,722000.0,714000.0,57749.0
583,2018-05-15,711000.0,6000.0,714000.0,718000.0,711000.0,79945.0
584,2018-05-16,700000.0,11000.0,712000.0,715000.0,698000.0,124013.0
585,2018-05-17,697000.0,3000.0,700000.0,703000.0,697000.0,92363.0
586,2018-05-18,688000.0,9000.0,697000.0,700000.0,684000.0,113041.0
587,2018-05-21,682000.0,6000.0,686000.0,690000.0,676000.0,101118.0
588,2018-05-23,684000.0,2000.0,680000.0,688000.0,677000.0,86056.0
589,2018-05-24,680000.0,4000.0,682000.0,685000.0,678000.0,44487.0
590,2018-05-25,685000.0,5000.0,685000.0,694000.0,682000.0,75755.0
591,2018-05-28,680000.0,5000.0,685000.0,687000.0,679000.0,54086.0
592,2018-05-29,668000.0,12000.0,679000.0,680000.0,667000.0,93537.0
593,2018-05-30,652000.0,16000.0,667000.0,670000.0,648000.0,133965.0
594,2018-05-31,669000.0,17000.0,660000.0,671000.0,654000.0,210193.0
595,2018-06-01,680000.0,11000.0,674000.0,686000.0,672000.0,91461.0
596,2018-06-04,673000.0,7000.0,681000.0,687000.0,671000.0,81871.0
597,2018-06-05,674000.0,1000.0,678000.0,680000.0,664000.0,67152.0
598,2018-06-07,680000.0,6000.0,675000.0,682000.0,674000.0,78181.0
599,2018-06-08,701000.0,21000.0,680000.0,708000.0,680000.0,188291.0
600,2018-06-11,711000.0,10000.0,701000.0,712000.0,695000.0,137850.0
601,2018-06-12,717000.0,6000.0,712000.0,719000.0,704000.0,124267.0
602,2018-06-14,707000.0,10000.0,719000.0,725000.0,705000.0,158911.0
603,2018-06-15,690000.0,17000.0,705000.0,706000.0,687000.0,140302.0
604,2018-06-18,694000.0,4000.0,690000.0,695000.0,686000.0,105859.0
605,2018-06-19,688000.0,6000.0,690000.0,694000.0,688000.0,110322.0
606,2018-06-20,689000.0,1000.0,689000.0,692000.0,687000.0,106479.0
607,2018-06-21,699000.0,10000.0,685000.0,703000.0,684000.0,117882.0
608,2018-06-22,723000.0,24000.0,690000.0,724000.0,690000.0,160314.0
609,2018-06-25,748000.0,25000.0,728000.0,750000.0,727000.0,255266.0
610,2018-06-26,735000.0,13000.0,742000.0,746000.0,730000.0,107528.0
611,2018-06-27,739000.0,4000.0,747000.0,748000.0,739000.0,87276.0
612,2018-06-28,747000.0,8000.0,738000.0,751000.0,726000.0,136537.0
613,2018-06-29,763000.0,16000.0,750000.0,764000.0,748000.0,155915.0
614,2018-07-02,751000.0,12000.0,765000.0,765000.0,745000.0,107918.0
615,2018-07-03,747000.0,4000.0,759000.0,763000.0,743000.0,86305.0
616,2018-07-04,768000.0,21000.0,769000.0,779000.0,760000.0,179939.0
617,2018-07-05,765000.0,3000.0,756000.0,769000.0,756000.0,57319.0
618,2018-07-06,749000.0,16000.0,755000.0,758000.0,746000.0,81867.0
619,2018-07-09,755000.0,6000.0,749000.0,779000.0,748000.0,94376.0
620,2018-07-10,760000.0,5000.0,757000.0,768000.0,756000.0,75129.0
621,2018-07-11,769000.0,9000.0,763000.0,771000.0,757000.0,86885.0
622,2018-07-12,782000.0,13000.0,775000.0,782000.0,764000.0,95967.0
623,2018-07-13,771000.0,11000.0,780000.0,782000.0,765000.0,75970.0
624,2018-07-16,771000.0,0.0,771000.0,773000.0,767000.0,57725.0
625,2018-07-17,759000.0,12000.0,769000.0,769000.0,755000.0,52977.0
626,2018-07-18,764000.0,5000.0,762000.0,771000.0,759000.0,31762.0
627,2018-07-19,765000.0,1000.0,772000.0,780000.0,763000.0,50422.0
628,2018-07-20,770000.0,5000.0,765000.0,772000.0,755000.0,50449.0
629,2018-07-23,774000.0,4000.0,771000.0,777000.0,765000.0,81430.0
630,2018-07-24,745000.0,29000.0,775000.0,776000.0,742000.0,84503.0
631,2018-07-25,746000.0,1000.0,759000.0,759000.0,742000.0,94581.0
632,2018-07-26,751000.0,5000.0,752000.0,761000.0,716000.0,224252.0
633,2018-07-27,751000.0,0.0,735000.0,751000.0,733000.0,113819.0
634,2018-07-30,730000.0,21000.0,747000.0,748000.0,726000.0,108666.0
635,2018-07-31,716000.0,14000.0,726000.0,728000.0,712000.0,123684.0
636,2018-08-01,728000.0,12000.0,718000.0,728000.0,715000.0,102959.0
637,2018-08-02,728000.0,0.0,728000.0,738000.0,721000.0,80977.0
638,2018-08-03,731000.0,3000.0,723000.0,731000.0,721000.0,106877.0
639,2018-08-06,735000.0,4000.0,733000.0,748000.0,731000.0,60607.0
640,2018-08-07,744000.0,9000.0,742000.0,754000.0,736000.0,64837.0
641,2018-08-08,750000.0,6000.0,742000.0,756000.0,742000.0,62482.0
642,2018-08-09,779000.0,29000.0,753000.0,779000.0,745000.0,133034.0
643,2018-08-10,771000.0,8000.0,777000.0,782000.0,770000.0,69084.0
644,2018-08-13,755000.0,16000.0,767000.0,767000.0,750000.0,83668.0
645,2018-08-14,757000.0,2000.0,760000.0,767000.0,754000.0,61603.0
646,2018-08-16,750000.0,7000.0,750000.0,763000.0,745000.0,114099.0
647,2018-08-17,755000.0,5000.0,754000.0,768000.0,748000.0,38780.0
648,2018-08-20,755000.0,0.0,764000.0,766000.0,753000.0,38936.0
649,2018-08-21,747000.0,8000.0,754000.0,761000.0,747000.0,48321.0
650,2018-08-22,747000.0,0.0,747000.0,748000.0,741000.0,47935.0
651,2018-08-23,772000.0,25000.0,755000.0,773000.0,752000.0,99084.0
652,2018-08-24,758000.0,14000.0,771000.0,779000.0,755000.0,54260.0
653,2018-08-27,769000.0,11000.0,763000.0,775000.0,760000.0,44748.0
654,2018-08-28,756000.0,13000.0,772000.0,772000.0,753000.0,46667.0
655,2018-08-29,748000.0,8000.0,756000.0,760000.0,748000.0,54950.0
656,2018-08-30,746000.0,2000.0,748000.0,757000.0,745000.0,47795.0
657,2018-08-31,752000.0,6000.0,747000.0,756000.0,746000.0,57953.0
658,2018-09-03,754000.0,2000.0,753000.0,755000.0,747000.0,31207.0
659,2018-09-04,755000.0,1000.0,757000.0,757000.0,749000.0,37456.0
660,2018-09-05,736000.0,19000.0,753000.0,753000.0,727000.0,118285.0
661,2018-09-06,730000.0,6000.0,736000.0,740000.0,727000.0,70491.0
662,2018-09-07,732000.0,2000.0,732000.0,735000.0,722000.0,64573.0
663,2018-09-10,725000.0,7000.0,720000.0,732000.0,720000.0,71966.0
664,2018-09-11,726000.0,1000.0,723000.0,731000.0,722000.0,58594.0
665,2018-09-12,730000.0,4000.0,730000.0,734000.0,726000.0,58216.0
666,2018-09-13,723000.0,7000.0,735000.0,735000.0,723000.0,102811.0
667,2018-09-14,730000.0,7000.0,726000.0,733000.0,724000.0,73168.0
668,2018-09-17,728000.0,2000.0,725000.0,731000.0,723000.0,53951.0
669,2018-09-18,725000.0,3000.0,720000.0,729000.0,720000.0,55452.0
670,2018-09-19,731000.0,6000.0,726000.0,734000.0,725000.0,55286.0
671,2018-09-20,731000.0,0.0,722000.0,734000.0,722000.0,57439.0
672,2018-09-21,725000.0,6000.0,741000.0,743000.0,723000.0,75131.0
673,2018-09-27,713000.0,12000.0,715000.0,730000.0,712000.0,78015.0
674,2018-09-28,716000.0,3000.0,717000.0,719000.0,713000.0,97465.0
675,2018-10-01,713000.0,3000.0,718000.0,722000.0,711000.0,42217.0
676,2018-10-02,689000.0,24000.0,715000.0,715000.0,686000.0,148984.0
677,2018-10-04,695000.0,6000.0,700000.0,702000.0,685000.0,70697.0
678,2018-10-05,704000.0,9000.0,682000.0,716000.0,682000.0,85596.0
679,2018-10-08,704000.0,0.0,0.0,0.0,0.0,0.0
680,2018-10-10,704000.0,0.0,0.0,0.0,0.0,0.0
681,2018-10-11,704000.0,0.0,0.0,0.0,0.0,0.0
682,2018-10-12,142000.0,1000.0,138000.0,142000.0,132500.0,654013.0
683,2018-10-15,136000.0,6000.0,138500.0,139000.0,135000.0,642772.0
684,2018-10-16,133500.0,2500.0,137500.0,138500.0,130000.0,575704.0
685,2018-10-17,130000.0,3500.0,132500.0,134500.0,129500.0,5304519.0
686,2018-10-18,125000.0,5000.0,128000.0,128000.0,123500.0,880738.0
687,2018-10-19,127500.0,2500.0,124500.0,127500.0,124000.0,1114452.0
688,2018-10-22,129000.0,1500.0,127500.0,130000.0,125500.0,324730.0
689,2018-10-23,125500.0,3500.0,129000.0,130000.0,123500.0,822259.0
690,2018-10-24,127000.0,1500.0,127500.0,129000.0,124500.0,679196.0
691,2018-10-25,119000.0,8000.0,120500.0,121000.0,114000.0,1529110.0
692,2018-10-26,113000.0,6000.0,119000.0,119000.0,110000.0,1544405.0
693,2018-10-29,109500.0,3500.0,112500.0,113500.0,109000.0,649910.0
694,2018-10-30,110500.0,1000.0,108000.0,112000.0,104000.0,939865.0
695,2018-10-31,114500.0,4000.0,110500.0,115000.0,108500.0,1016429.0
696,2018-11-01,111500.0,3000.0,113500.0,116500.0,110500.0,805655.0
697,2018-11-02,116500.0,5000.0,111500.0,118500.0,111500.0,1320415.0
698,2018-11-05,113500.0,3000.0,115000.0,115500.0,111500.0,442640.0
699,2018-11-06,117000.0,3500.0,114000.0,117500.0,113500.0,453810.0
700,2018-11-07,115500.0,1500.0,117500.0,119000.0,113500.0,385827.0
701,2018-11-08,116500.0,1000.0,118000.0,120000.0,115500.0,404191.0
702,2018-11-09,115000.0,1500.0,115000.0,118000.0,115000.0,295733.0
703,2018-11-12,115000.0,0.0,114500.0,116500.0,114500.0,260849.0
704,2018-11-13,116000.0,1000.0,115500.0,117500.0,114000.0,435937.0
705,2018-11-14,115500.0,500.0,115500.0,116500.0,114000.0,335405.0
706,2018-11-15,112500.0,3000.0,116000.0,116500.0,111500.0,576671.0
707,2018-11-16,112500.0,0.0,113500.0,114500.0,111500.0,872059.0
708,2018-11-19,111500.0,1000.0,113000.0,114000.0,110500.0,697289.0
709,2018-11-20,108000.0,3500.0,110000.0,112000.0,107000.0,693868.0
710,2018-11-21,106500.0,1500.0,105500.0,107000.0,104500.0,525328.0
711,2018-11-22,109500.0,3000.0,107000.0,111500.0,107000.0,504744.0
712,2018-11-23,114000.0,4500.0,110000.0,115500.0,109500.0,691736.0
713,2018-11-26,124000.0,10000.0,115000.0,124500.0,114500.0,805023.0
714,2018-11-27,125000.0,1000.0,124000.0,129500.0,122500.0,637199.0
715,2018-11-28,129000.0,4000.0,128500.0,130500.0,126500.0,645902.0
716,2018-11-29,130500.0,1500.0,133000.0,134000.0,129000.0,559552.0
717,2018-11-30,126500.0,4000.0,131000.0,131000.0,126000.0,801837.0
718,2018-12-03,126000.0,500.0,130500.0,130500.0,125000.0,486166.0
719,2018-12-04,123500.0,2500.0,127500.0,127500.0,122500.0,512742.0
720,2018-12-05,125000.0,1500.0,124500.0,127000.0,123000.0,308805.0
721,2018-12-06,120000.0,5000.0,123000.0,124000.0,119500.0,445309.0
722,2018-12-07,121000.0,1000.0,121500.0,123500.0,119500.0,565663.0
723,2018-12-10,119000.0,2000.0,119000.0,121500.0,117500.0,376421.0
724,2018-12-11,123000.0,4000.0,120000.0,123500.0,117500.0,506349.0
725,2018-12-12,124500.0,1500.0,124000.0,126000.0,122500.0,490812.0
726,2018-12-13,124000.0,500.0,125500.0,125500.0,123000.0,972556.0
727,2018-12-14,123500.0,500.0,123500.0,124000.0,121500.0,259268.0
728,2018-12-17,122000.0,1500.0,124000.0,124000.0,120500.0,294847.0
729,2018-12-18,122000.0,0.0,120500.0,124000.0,120000.0,342972.0
730,2018-12-19,127500.0,5500.0,123000.0,128500.0,122500.0,385472.0
731,2018-12-20,127000.0,500.0,125500.0,128000.0,123500.0,364624.0
732,2018-12-21,121500.0,5500.0,127000.0,127000.0,121000.0,507653.0
733,2018-12-24,123000.0,1500.0,122000.0,124500.0,121000.0,278884.0
734,2018-12-26,119000.0,4000.0,121000.0,122000.0,117500.0,275517.0
735,2018-12-27,122500.0,3500.0,120500.0,123000.0,118500.0,371637.0
736,2018-12-28,122000.0,500.0,122500.0,123000.0,120500.0,322665.0
737,2019-01-02,118000.0,4000.0,121000.0,122000.0,117000.0,356120.0
738,2019-01-03,122000.0,4000.0,120000.0,125000.0,119000.0,525020.0
739,2019-01-04,125500.0,3500.0,123500.0,126000.0,122500.0,520785.0
740,2019-01-07,131500.0,6000.0,128000.0,132500.0,127000.0,502619.0
741,2019-01-08,130000.0,1500.0,132000.0,134000.0,129000.0,376127.0
742,2019-01-09,133000.0,3000.0,131000.0,134500.0,129500.0,381372.0
743,2019-01-10,131000.0,2000.0,132000.0,134500.0,130000.0,293112.0
744,2019-01-11,131000.0,0.0,133000.0,134500.0,130500.0,322925.0
745,2019-01-14,127000.0,4000.0,130000.0,130500.0,125000.0,525411.0
746,2019-01-15,132500.0,5500.0,127500.0,132500.0,127500.0,335999.0
747,2019-01-16,132500.0,0.0,132500.0,135000.0,131000.0,272719.0
748,2019-01-17,136000.0,3500.0,131500.0,138000.0,131500.0,407099.0
749,2019-01-18,137500.0,1500.0,137000.0,138500.0,136500.0,328761.0
750,2019-01-21,131000.0,6500.0,138000.0,138000.0,131000.0,457161.0
751,2019-01-22,130000.0,1000.0,128500.0,130500.0,126500.0,502285.0
752,2019-01-23,132500.0,2500.0,130000.0,134500.0,130000.0,259375.0
753,2019-01-24,129500.0,3000.0,131000.0,132500.0,127500.0,562335.0
754,2019-01-25,130000.0,500.0,127500.0,131000.0,127000.0,281650.0
755,2019-01-28,132000.0,2000.0,129500.0,132500.0,129500.0,283360.0
756,2019-01-29,136000.0,4000.0,130000.0,136500.0,130000.0,411369.0
757,2019-01-30,136000.0,0.0,139000.0,139500.0,133000.0,462280.0
758,2019-01-31,136000.0,0.0,138000.0,143500.0,136000.0,1054276.0
759,2019-02-01,133500.0,2500.0,138000.0,140000.0,133000.0,530284.0
760,2019-02-07,129000.0,4500.0,132000.0,134000.0,128500.0,737938.0
761,2019-02-08,126000.0,3000.0,126500.0,129000.0,124500.0,704393.0
762,2019-02-11,125500.0,500.0,127000.0,128500.0,125000.0,801465.0
763,2019-02-12,123500.0,2000.0,123500.0,124000.0,121500.0,1160217.0
764,2019-02-13,125000.0,1500.0,123500.0,126500.0,123500.0,373571.0
765,2019-02-14,127500.0,2500.0,125000.0,130500.0,125000.0,700427.0
766,2019-02-15,127500.0,0.0,128500.0,131000.0,127500.0,420100.0
767,2019-02-18,127000.0,500.0,129500.0,131000.0,125500.0,533191.0
768,2019-02-19,126500.0,500.0,127000.0,128000.0,125500.0,218351.0
769,2019-02-20,127000.0,500.0,126500.0,128000.0,125500.0,231753.0
770,2019-02-21,129000.0,2000.0,126500.0,130000.0,126500.0,347083.0
771,2019-02-22,127000.0,2000.0,129500.0,129500.0,125000.0,301395.0
772,2019-02-25,126000.0,1000.0,127000.0,128500.0,125500.0,338113.0
773,2019-02-26,131500.0,5500.0,126500.0,134000.0,126000.0,591643.0
774,2019-02-27,129500.0,2000.0,132000.0,134000.0,129000.0,322664.0
775,2019-02-28,133000.0,3500.0,130500.0,136000.0,130000.0,584183.0
776,2019-03-04,138000.0,5000.0,135000.0,139500.0,134000.0,743644.0
777,2019-03-05,135500.0,2500.0,140000.0,140000.0,135000.0,387063.0
778,2019-03-06,137500.0,2000.0,136500.0,139000.0,134500.0,403724.0
779,2019-03-07,138500.0,1000.0,139500.0,139500.0,136500.0,254573.0
780,2019-03-08,133000.0,5500.0,135500.0,136000.0,131500.0,304114.0
781,2019-03-11,133500.0,500.0,131500.0,133500.0,131000.0,151479.0
782,2019-03-12,130500.0,3000.0,135000.0,135500.0,129500.0,367651.0
783,2019-03-13,130500.0,0.0,129500.0,132000.0,128000.0,268047.0
784,2019-03-14,131000.0,500.0,132500.0,133500.0,129000.0,554454.0
785,2019-03-15,130500.0,500.0,131000.0,132000.0,129500.0,907507.0
786,2019-03-18,132000.0,1500.0,131500.0,133500.0,131000.0,248810.0
787,2019-03-19,130500.0,1500.0,132000.0,132500.0,130000.0,200830.0
788,2019-03-20,128500.0,2000.0,130000.0,131000.0,126500.0,371499.0
789,2019-03-21,128000.0,500.0,128500.0,131000.0,127000.0,399492.0
790,2019-03-22,127000.0,1000.0,127000.0,129500.0,126000.0,379311.0
791,2019-03-25,126000.0,1000.0,126000.0,128000.0,125000.0,279179.0
792,2019-03-26,126500.0,500.0,125500.0,127000.0,125000.0,452377.0
793,2019-03-27,123000.0,3500.0,126000.0,126000.0,122000.0,429156.0
794,2019-03-28,122000.0,1000.0,122500.0,123000.0,120500.0,449545.0
795,2019-03-29,124000.0,2000.0,121500.0,124500.0,121500.0,421477.0
796,2019-04-01,124000.0,0.0,124000.0,125500.0,123500.0,367014.0
797,2019-04-02,124500.0,500.0,124500.0,125500.0,123500.0,471744.0
798,2019-04-03,122000.0,2500.0,123000.0,123500.0,121000.0,958364.0
799,2019-04-04,122500.0,500.0,122500.0,123500.0,121500.0,361821.0
800,2019-04-05,123000.0,500.0,122500.0,123500.0,122000.0,365838.0
801,2019-04-08,121500.0,1500.0,122500.0,123000.0,121000.0,393376.0
802,2019-04-09,121500.0,0.0,121500.0,122500.0,121000.0,423498.0
803,2019-04-10,122000.0,500.0,121500.0,122500.0,121000.0,459206.0
804,2019-04-11,121500.0,500.0,121500.0,123000.0,121000.0,615217.0
805,2019-04-12,119500.0,2000.0,121500.0,122000.0,119500.0,953216.0
806,2019-04-15,119500.0,0.0,119000.0,120000.0,118000.0,596131.0
807,2019-04-16,119500.0,0.0,119500.0,120500.0,119000.0,973625.0
808,2019-04-17,119500.0,0.0,120000.0,120000.0,119000.0,639441.0
809,2019-04-18,118000.0,1500.0,119000.0,120000.0,117000.0,776721.0
810,2019-04-19,118000.0,0.0,119000.0,119000.0,117500.0,247009.0
811,2019-04-22,118000.0,0.0,118000.0,119500.0,117500.0,531346.0
812,2019-04-23,120500.0,2500.0,119000.0,121000.0,119000.0,815629.0
813,2019-04-24,121000.0,500.0,122000.0,122500.0,119500.0,906235.0
814,2019-04-25,120500.0,500.0,122000.0,122000.0,120000.0,720472.0
815,2019-04-26,118000.0,2500.0,120000.0,120500.0,117500.0,544042.0
816,2019-04-29,120000.0,2000.0,118500.0,120000.0,117000.0,429353.0
817,2019-04-30,119500.0,500.0,119000.0,120000.0,117500.0,569162.0
818,2019-05-02,122000.0,2500.0,119000.0,124000.0,118500.0,691901.0
819,2019-05-03,124000.0,2000.0,122000.0,124500.0,121500.0,684993.0
